trace_id,span_id,parent_span,service_name,operation_name,start_time,duration,has_error,response
5878b8bbf6d28105,1e6f8d63effdf182,5878b8bbf6d28105,frontend,/search.Search/Nearby,1773826814808766,2232,False,Unknown
5878b8bbf6d28105,401646190c7d9d5a,5878b8bbf6d28105,frontend,/reservation.Reservation/CheckAvailability,1773826814811006,685,False,Unknown
5878b8bbf6d28105,6ae236369f55e59d,5878b8bbf6d28105,frontend,/profile.Profile/GetProfiles,1773826814811700,761,False,Unknown
5878b8bbf6d28105,5878b8bbf6d28105,ROOT,frontend,HTTP GET /hotels,1773826814808730,3773,False,200
5878b8bbf6d28105,4e43c5ae54373bd1,401646190c7d9d5a,reservation,/reservation.Reservation/CheckAvailability,1773826814811228,377,False,Unknown
5878b8bbf6d28105,4a19d4f96fff5ca5,4e43c5ae54373bd1,reservation,memcached_capacity_get_multi_number,1773826814811242,134,False,Unknown
5878b8bbf6d28105,4cebd88799aea578,4e43c5ae54373bd1,reservation,memcached_reserve_get_multi_number,1773826814811408,166,False,Unknown
5878b8bbf6d28105,13e136d74ec8f7eb,32bb551c69778b5e,search,/geo.Geo/Nearby,1773826814809054,407,False,Unknown
5878b8bbf6d28105,462059f7b6f4d8f6,32bb551c69778b5e,search,/rate.Rate/GetRates,1773826814809497,1389,False,Unknown
5878b8bbf6d28105,32bb551c69778b5e,1e6f8d63effdf182,search,/search.Search/Nearby,1773826814809043,1849,False,Unknown
5878b8bbf6d28105,6bf43ae740255aa9,684b0d3611e00111,profile,memcached_get_profile,1773826814811927,126,False,Unknown
5878b8bbf6d28105,49128e80fb2c0fa9,684b0d3611e00111,profile,mongo_profile,1773826814812064,289,False,Unknown
5878b8bbf6d28105,340704515c94a6aa,684b0d3611e00111,profile,mongo_profile,1773826814812098,266,False,Unknown
5878b8bbf6d28105,684b0d3611e00111,6ae236369f55e59d,profile,/profile.Profile/GetProfiles,1773826814811921,448,False,Unknown
5878b8bbf6d28105,3b2ec4ab2b7bba73,13e136d74ec8f7eb,geo,/geo.Geo/Nearby,1773826814809317,33,False,Unknown
5878b8bbf6d28105,5161abc38ab0d37a,2b57fc6bf27ae6f5,rate,memcached_get_multi_rate,1773826814809712,147,False,Unknown
5878b8bbf6d28105,69e3c16924e18ab5,2b57fc6bf27ae6f5,rate,mongo_rate,1773826814809888,400,False,Unknown
5878b8bbf6d28105,5f9f9629acdc7ce4,2b57fc6bf27ae6f5,rate,mongo_rate,1773826814809883,410,False,Unknown
5878b8bbf6d28105,3bade411d42336c5,2b57fc6bf27ae6f5,rate,mongo_rate,1773826814809926,638,False,Unknown
5878b8bbf6d28105,08624689b5392005,2b57fc6bf27ae6f5,rate,mongo_rate,1773826814809946,727,False,Unknown
5878b8bbf6d28105,04cf3ea8ca0422c8,2b57fc6bf27ae6f5,rate,mongo_rate,1773826814809962,808,False,Unknown
5878b8bbf6d28105,2b57fc6bf27ae6f5,462059f7b6f4d8f6,rate,/rate.Rate/GetRates,1773826814809703,1085,False,Unknown
796f7a624e77b3cc,535d628bc420609b,68f9714fa9e14120,profile,/profile.Profile/GetProfiles,1773826816193419,11,False,Unknown
796f7a624e77b3cc,5558273b5baee61d,535d628bc420609b,profile,memcached_get_profile,1773826816193425,1,False,Unknown
796f7a624e77b3cc,76f0af30a896e7f2,10ab1e4fe3a107a4,geo,/geo.Geo/Nearby,1773826816192267,63,False,Unknown
796f7a624e77b3cc,4d30b6f8a27cfaf2,4bce0384a88c6947,rate,/rate.Rate/GetRates,1773826816192640,13,False,Unknown
796f7a624e77b3cc,682274d478e4b2f0,4d30b6f8a27cfaf2,rate,memcached_get_multi_rate,1773826816192645,1,False,Unknown
796f7a624e77b3cc,796f7a624e77b3cc,ROOT,frontend,HTTP GET /hotels,1773826816191876,1632,False,200
796f7a624e77b3cc,2b7721ef553cace7,796f7a624e77b3cc,frontend,/search.Search/Nearby,1773826816191890,967,False,Unknown
796f7a624e77b3cc,7b76080e3bb8fca4,796f7a624e77b3cc,frontend,/reservation.Reservation/CheckAvailability,1773826816192862,390,False,Unknown
796f7a624e77b3cc,68f9714fa9e14120,796f7a624e77b3cc,frontend,/profile.Profile/GetProfiles,1773826816193255,241,False,Unknown
796f7a624e77b3cc,045c54328cdc5116,7b76080e3bb8fca4,reservation,/reservation.Reservation/CheckAvailability,1773826816193149,21,False,Unknown
796f7a624e77b3cc,4749b8e38e202da3,045c54328cdc5116,reservation,memcached_capacity_get_multi_number,1773826816193158,3,False,Unknown
796f7a624e77b3cc,3d628dcbab7d4096,045c54328cdc5116,reservation,memcached_reserve_get_multi_number,1773826816193167,0,False,Unknown
796f7a624e77b3cc,6d22cfb503ad263f,2b7721ef553cace7,search,/search.Search/Nearby,1773826816192084,644,False,Unknown
796f7a624e77b3cc,10ab1e4fe3a107a4,6d22cfb503ad263f,search,/geo.Geo/Nearby,1773826816192090,322,False,Unknown
796f7a624e77b3cc,4bce0384a88c6947,6d22cfb503ad263f,search,/rate.Rate/GetRates,1773826816192417,307,False,Unknown
6bf1bd50787f8749,61869a4c22527759,61873981fe7be382,geo,/geo.Geo/Nearby,1773826815325036,104,False,Unknown
6bf1bd50787f8749,350dd056388ab701,4f8781b3c3843f4b,rate,/rate.Rate/GetRates,1773826815325406,12,False,Unknown
6bf1bd50787f8749,6f5290adea65c131,350dd056388ab701,rate,memcached_get_multi_rate,1773826815325410,1,False,Unknown
6bf1bd50787f8749,6bf1bd50787f8749,ROOT,frontend,HTTP GET /hotels,1773826815324633,1560,False,200
6bf1bd50787f8749,43dcc29c2b3ae836,6bf1bd50787f8749,frontend,/search.Search/Nearby,1773826815324647,1024,False,Unknown
6bf1bd50787f8749,27ce7c5e442cf331,6bf1bd50787f8749,frontend,/reservation.Reservation/CheckAvailability,1773826815325682,258,False,Unknown
6bf1bd50787f8749,0d2d850de8ce30da,6bf1bd50787f8749,frontend,/profile.Profile/GetProfiles,1773826815325943,234,False,Unknown
6bf1bd50787f8749,44d7acc54a832d1e,27ce7c5e442cf331,reservation,/reservation.Reservation/CheckAvailability,1773826815325853,11,False,Unknown
6bf1bd50787f8749,2524f1edd3bf6ef9,44d7acc54a832d1e,reservation,memcached_capacity_get_multi_number,1773826815325860,1,False,Unknown
6bf1bd50787f8749,2ecd457d06299c2a,44d7acc54a832d1e,reservation,memcached_reserve_get_multi_number,1773826815325862,0,False,Unknown
6bf1bd50787f8749,5cdcd9a70f3954b6,43dcc29c2b3ae836,search,/search.Search/Nearby,1773826815324842,692,False,Unknown
6bf1bd50787f8749,61873981fe7be382,5cdcd9a70f3954b6,search,/geo.Geo/Nearby,1773826815324848,370,False,Unknown
6bf1bd50787f8749,4f8781b3c3843f4b,5cdcd9a70f3954b6,search,/rate.Rate/GetRates,1773826815325224,308,False,Unknown
6bf1bd50787f8749,0a16b3c5ab7daadc,25d9cf9fc8b57a0e,profile,memcached_get_profile,1773826815326070,1,False,Unknown
6bf1bd50787f8749,25d9cf9fc8b57a0e,0d2d850de8ce30da,profile,/profile.Profile/GetProfiles,1773826815326064,15,False,Unknown
6dbd69f9d1694492,1d992cdcf9316d0f,302ee03b33a89c1d,reservation,/reservation.Reservation/CheckAvailability,1773826814040109,1029,False,Unknown
6dbd69f9d1694492,4fa104c15a25c0b9,1d992cdcf9316d0f,reservation,memcached_capacity_get_multi_number,1773826814040174,733,False,Unknown
6dbd69f9d1694492,13d2c76b340d9cd2,1d992cdcf9316d0f,reservation,memcached_reserve_get_multi_number,1773826814040954,182,False,Unknown
6dbd69f9d1694492,488e2aa5f2114295,348360b0c203e0ac,search,/search.Search/Nearby,1773826814006380,31634,False,Unknown
6dbd69f9d1694492,013886f3897c6546,488e2aa5f2114295,search,/geo.Geo/Nearby,1773826814006423,1114,False,Unknown
6dbd69f9d1694492,171e0f98f9d07417,488e2aa5f2114295,search,/rate.Rate/GetRates,1773826814007551,30460,False,Unknown
6dbd69f9d1694492,7fb76eca99ecc8bd,1f1fc85d42cafe1b,profile,memcached_get_profile,1773826814041670,135,False,Unknown
6dbd69f9d1694492,51ce69c81123fa8c,1f1fc85d42cafe1b,profile,mongo_profile,1773826814041824,365,False,Unknown
6dbd69f9d1694492,1f1fc85d42cafe1b,0f4441cd6a4c12d5,profile,/profile.Profile/GetProfiles,1773826814041664,542,False,Unknown
6dbd69f9d1694492,242c1c6c573e5a78,013886f3897c6546,geo,/geo.Geo/Nearby,1773826814007218,70,False,Unknown
6dbd69f9d1694492,1cced7d77423225b,171e0f98f9d07417,rate,/rate.Rate/GetRates,1773826814008940,28815,False,Unknown
6dbd69f9d1694492,323b90a0fd6470f2,1cced7d77423225b,rate,memcached_get_multi_rate,1773826814008999,23155,False,Unknown
6dbd69f9d1694492,36133ddc37ad4f14,1cced7d77423225b,rate,mongo_rate,1773826814032276,3633,False,Unknown
6dbd69f9d1694492,1c8357ae15b8abe1,1cced7d77423225b,rate,mongo_rate,1773826814032277,3706,False,Unknown
6dbd69f9d1694492,46e8dc29253dbce7,1cced7d77423225b,rate,mongo_rate,1773826814032458,4160,False,Unknown
6dbd69f9d1694492,60c549858b1b8b56,1cced7d77423225b,rate,mongo_rate,1773826814032250,5064,False,Unknown
6dbd69f9d1694492,4ec73f8d9d8e72e1,1cced7d77423225b,rate,mongo_rate,1773826814032741,4997,False,Unknown
6dbd69f9d1694492,348360b0c203e0ac,6dbd69f9d1694492,frontend,/search.Search/Nearby,1773826814005494,32685,False,Unknown
6dbd69f9d1694492,302ee03b33a89c1d,6dbd69f9d1694492,frontend,/reservation.Reservation/CheckAvailability,1773826814038193,3120,False,Unknown
6dbd69f9d1694492,0f4441cd6a4c12d5,6dbd69f9d1694492,frontend,/profile.Profile/GetProfiles,1773826814041321,966,False,Unknown
6dbd69f9d1694492,6dbd69f9d1694492,ROOT,frontend,HTTP GET /hotels,1773826814005460,36849,False,200
0f5b1f1ae0740ca2,10930b8303cc0f92,13169e2236fad22d,search,/search.Search/Nearby,1773826815157819,1548,False,Unknown
0f5b1f1ae0740ca2,23201930cdae97ae,10930b8303cc0f92,search,/geo.Geo/Nearby,1773826815157824,501,False,Unknown
0f5b1f1ae0740ca2,1a0739fdc80675e3,10930b8303cc0f92,search,/rate.Rate/GetRates,1773826815158328,1037,False,Unknown
0f5b1f1ae0740ca2,7f5980d3e293fefd,53f0681003e32493,profile,memcached_get_profile,1773826815160246,102,False,Unknown
0f5b1f1ae0740ca2,48b17954f1b5d312,53f0681003e32493,profile,mongo_profile,1773826815160385,234,False,Unknown
0f5b1f1ae0740ca2,2c7a329fe6861d03,53f0681003e32493,profile,mongo_profile,1773826815160359,275,False,Unknown
0f5b1f1ae0740ca2,53f0681003e32493,36fd4f017f2d2f31,profile,/profile.Profile/GetProfiles,1773826815160238,403,False,Unknown
0f5b1f1ae0740ca2,3f0e92c95b60168b,23201930cdae97ae,geo,/geo.Geo/Nearby,1773826815158185,43,False,Unknown
0f5b1f1ae0740ca2,2dfcaf3b4827ec6d,50da75e5ec630b44,rate,memcached_get_multi_rate,1773826815158546,150,False,Unknown
0f5b1f1ae0740ca2,15dd795b3dce8351,50da75e5ec630b44,rate,mongo_rate,1773826815158728,443,False,Unknown
0f5b1f1ae0740ca2,39345f9d26f004de,50da75e5ec630b44,rate,mongo_rate,1773826815158711,466,False,Unknown
0f5b1f1ae0740ca2,7293327eafe119af,50da75e5ec630b44,rate,mongo_rate,1773826815158755,426,False,Unknown
0f5b1f1ae0740ca2,09a2342bf3d00408,50da75e5ec630b44,rate,mongo_rate,1773826815158766,416,False,Unknown
0f5b1f1ae0740ca2,233b6cb006bc404c,50da75e5ec630b44,rate,mongo_rate,1773826815158771,411,False,Unknown
0f5b1f1ae0740ca2,50da75e5ec630b44,1a0739fdc80675e3,rate,/rate.Rate/GetRates,1773826815158542,656,False,Unknown
0f5b1f1ae0740ca2,13169e2236fad22d,0f5b1f1ae0740ca2,frontend,/search.Search/Nearby,1773826815157650,1798,False,Unknown
0f5b1f1ae0740ca2,1331e6454310b986,0f5b1f1ae0740ca2,frontend,/reservation.Reservation/CheckAvailability,1773826815159454,638,False,Unknown
0f5b1f1ae0740ca2,36fd4f017f2d2f31,0f5b1f1ae0740ca2,frontend,/profile.Profile/GetProfiles,1773826815160095,641,False,Unknown
0f5b1f1ae0740ca2,0f5b1f1ae0740ca2,ROOT,frontend,HTTP GET /hotels,1773826815157635,3126,False,200
0f5b1f1ae0740ca2,0cf1ac8236cf11aa,41fce89d0284c815,reservation,memcached_capacity_get_multi_number,1773826815159695,108,False,Unknown
0f5b1f1ae0740ca2,6917a74fbee427a5,41fce89d0284c815,reservation,memcached_reserve_get_multi_number,1773826815159921,103,False,Unknown
0f5b1f1ae0740ca2,41fce89d0284c815,1331e6454310b986,reservation,/reservation.Reservation/CheckAvailability,1773826815159674,352,False,Unknown
5db0349e0e5f841e,5db0349e0e5f841e,ROOT,frontend,HTTP GET /recommendations,1773826813959929,1255,False,200
5db0349e0e5f841e,3fd60b9f03ee7963,5db0349e0e5f841e,frontend,/recommendation.Recommendation/GetRecommendations,1773826813959941,330,False,Unknown
5db0349e0e5f841e,5c998b3d58b86b7c,5db0349e0e5f841e,frontend,/profile.Profile/GetProfiles,1773826813960275,871,False,Unknown
5db0349e0e5f841e,34b27e94c9591702,0dc53bc2ffd1f6f0,profile,memcached_get_profile,1773826813960458,178,False,Unknown
5db0349e0e5f841e,4c89e89d76b9a66f,0dc53bc2ffd1f6f0,profile,mongo_profile,1773826813960649,376,False,Unknown
5db0349e0e5f841e,0dc53bc2ffd1f6f0,5c998b3d58b86b7c,profile,/profile.Profile/GetProfiles,1773826813960450,600,False,Unknown
5db0349e0e5f841e,4418dea41f25d04c,3fd60b9f03ee7963,recommendation,/recommendation.Recommendation/GetRecommendations,1773826813960140,39,False,Unknown
2d31a82e48fe410f,55002e51682c5d8b,2d31a82e48fe410f,frontend,/recommendation.Recommendation/GetRecommendations,1773826813912048,631,False,Unknown
2d31a82e48fe410f,66b2bf4e644d859a,2d31a82e48fe410f,frontend,/profile.Profile/GetProfiles,1773826813912720,1521,False,Unknown
2d31a82e48fe410f,2d31a82e48fe410f,ROOT,frontend,HTTP GET /recommendations,1773826813911986,2284,False,200
2d31a82e48fe410f,08389a7eb90142b8,6aef5332b9e9aa09,profile,memcached_get_profile,1773826813913126,172,False,Unknown
2d31a82e48fe410f,7db4ce2659a2f6dc,6aef5332b9e9aa09,profile,mongo_profile,1773826813913322,721,False,Unknown
2d31a82e48fe410f,6aef5332b9e9aa09,66b2bf4e644d859a,profile,/profile.Profile/GetProfiles,1773826813913119,936,False,Unknown
2d31a82e48fe410f,28164ecc13fe3ef4,55002e51682c5d8b,recommendation,/recommendation.Recommendation/GetRecommendations,1773826813912456,68,False,Unknown
49399968f65827a3,55393fbf2883d1b5,459bb8b409305ecb,profile,/profile.Profile/GetProfiles,1773826814043076,4014,False,Unknown
49399968f65827a3,475773063c3bb7ba,55393fbf2883d1b5,profile,memcached_get_profile,1773826814043083,200,False,Unknown
49399968f65827a3,3665fcbc37b3f0ee,55393fbf2883d1b5,profile,mongo_profile,1773826814043313,743,False,Unknown
49399968f65827a3,42a6f8d6fd40a126,55393fbf2883d1b5,profile,mongo_profile,1773826814043453,2262,False,Unknown
49399968f65827a3,0de327cd91b69c40,55393fbf2883d1b5,profile,mongo_profile,1773826814043354,2424,False,Unknown
49399968f65827a3,75535d98ea10aada,55393fbf2883d1b5,profile,mongo_profile,1773826814043364,2700,False,Unknown
49399968f65827a3,08458fbce7196282,55393fbf2883d1b5,profile,mongo_profile,1773826814043370,3708,False,Unknown
49399968f65827a3,27f2eeb68ef7151c,322ea91fd23b5bd4,recommendation,/recommendation.Recommendation/GetRecommendations,1773826814042585,10,False,Unknown
49399968f65827a3,322ea91fd23b5bd4,49399968f65827a3,frontend,/recommendation.Recommendation/GetRecommendations,1773826814042377,341,False,Unknown
49399968f65827a3,459bb8b409305ecb,49399968f65827a3,frontend,/profile.Profile/GetProfiles,1773826814042727,4564,False,Unknown
49399968f65827a3,49399968f65827a3,ROOT,frontend,HTTP GET /recommendations,1773826814042363,5897,False,200
6e97f08c14d07d16,6e97f08c14d07d16,ROOT,frontend,HTTP GET /recommendations,1773826814957191,1078,False,200
6e97f08c14d07d16,3fc1b74ed341e0eb,6e97f08c14d07d16,frontend,/recommendation.Recommendation/GetRecommendations,1773826814957203,291,False,Unknown
6e97f08c14d07d16,207c56f80f205be1,6e97f08c14d07d16,frontend,/profile.Profile/GetProfiles,1773826814957499,745,False,Unknown
6e97f08c14d07d16,2cf7cbfc8be2cca2,07fd3aa863b353d7,profile,memcached_get_profile,1773826814957727,112,False,Unknown
6e97f08c14d07d16,365e80c5eda11720,07fd3aa863b353d7,profile,mongo_profile,1773826814957849,296,False,Unknown
6e97f08c14d07d16,07fd3aa863b353d7,207c56f80f205be1,profile,/profile.Profile/GetProfiles,1773826814957721,443,False,Unknown
6e97f08c14d07d16,3c2151b44caa4738,3fc1b74ed341e0eb,recommendation,/recommendation.Recommendation/GetRecommendations,1773826814957379,7,False,Unknown
2fa92f066394da76,3642cd04cfc04e92,6cea34ce0ce211c6,profile,/profile.Profile/GetProfiles,1773826815225394,294,False,Unknown
2fa92f066394da76,7b390b2fc6a701a6,3642cd04cfc04e92,profile,memcached_get_profile,1773826815225399,248,False,Unknown
2fa92f066394da76,461effdad0087729,0b80262ee9dfbd9b,recommendation,/recommendation.Recommendation/GetRecommendations,1773826815224972,10,False,Unknown
2fa92f066394da76,0b80262ee9dfbd9b,2fa92f066394da76,frontend,/recommendation.Recommendation/GetRecommendations,1773826815224684,436,False,Unknown
2fa92f066394da76,6cea34ce0ce211c6,2fa92f066394da76,frontend,/profile.Profile/GetProfiles,1773826815225125,664,False,Unknown
2fa92f066394da76,2fa92f066394da76,ROOT,frontend,HTTP GET /recommendations,1773826815224665,1148,False,200
7a5a6e2710bebe55,75e8b923a3343ba5,3cffe48dff22bf0e,profile,memcached_get_profile,1773826816147930,107,False,Unknown
7a5a6e2710bebe55,5dab9651b896f0f0,3cffe48dff22bf0e,profile,mongo_profile,1773826816148058,354,False,Unknown
7a5a6e2710bebe55,3cffe48dff22bf0e,4d52974500d3c4d7,profile,/profile.Profile/GetProfiles,1773826816147925,497,False,Unknown
7a5a6e2710bebe55,5abe94a845fb91fc,5283e434017dde66,recommendation,/recommendation.Recommendation/GetRecommendations,1773826816147633,32,False,Unknown
7a5a6e2710bebe55,5283e434017dde66,7a5a6e2710bebe55,frontend,/recommendation.Recommendation/GetRecommendations,1773826816147424,320,False,Unknown
7a5a6e2710bebe55,4d52974500d3c4d7,7a5a6e2710bebe55,frontend,/profile.Profile/GetProfiles,1773826816147748,888,False,Unknown
7a5a6e2710bebe55,7a5a6e2710bebe55,ROOT,frontend,HTTP GET /recommendations,1773826816147407,1313,False,200
504f65a15e522522,2bfa5c9f444ae787,1740d93fdb84a847,recommendation,/recommendation.Recommendation/GetRecommendations,1773826813726931,87,False,Unknown
504f65a15e522522,1740d93fdb84a847,504f65a15e522522,frontend,/recommendation.Recommendation/GetRecommendations,1773826813725324,1998,False,Unknown
504f65a15e522522,6d46337b46035145,504f65a15e522522,frontend,/profile.Profile/GetProfiles,1773826813727362,5926,False,Unknown
504f65a15e522522,504f65a15e522522,ROOT,frontend,HTTP GET /recommendations,1773826813725127,8279,False,200
504f65a15e522522,319fbf3cc7516449,2d381e8d668601f8,profile,memcached_get_profile,1773826813728787,888,False,Unknown
504f65a15e522522,2f81a8c874f76ea4,2d381e8d668601f8,profile,mongo_profile,1773826813729842,2751,False,Unknown
504f65a15e522522,2d381e8d668601f8,6d46337b46035145,profile,/profile.Profile/GetProfiles,1773826813728746,3963,False,Unknown
5db0349e0e5f841e,5db0349e0e5f841e,ROOT,frontend,HTTP GET /recommendations,1773826813959929,1255,False,200
5db0349e0e5f841e,3fd60b9f03ee7963,5db0349e0e5f841e,frontend,/recommendation.Recommendation/GetRecommendations,1773826813959941,330,False,Unknown
5db0349e0e5f841e,5c998b3d58b86b7c,5db0349e0e5f841e,frontend,/profile.Profile/GetProfiles,1773826813960275,871,False,Unknown
5db0349e0e5f841e,34b27e94c9591702,0dc53bc2ffd1f6f0,profile,memcached_get_profile,1773826813960458,178,False,Unknown
5db0349e0e5f841e,4c89e89d76b9a66f,0dc53bc2ffd1f6f0,profile,mongo_profile,1773826813960649,376,False,Unknown
5db0349e0e5f841e,0dc53bc2ffd1f6f0,5c998b3d58b86b7c,profile,/profile.Profile/GetProfiles,1773826813960450,600,False,Unknown
5db0349e0e5f841e,4418dea41f25d04c,3fd60b9f03ee7963,recommendation,/recommendation.Recommendation/GetRecommendations,1773826813960140,39,False,Unknown
2d31a82e48fe410f,55002e51682c5d8b,2d31a82e48fe410f,frontend,/recommendation.Recommendation/GetRecommendations,1773826813912048,631,False,Unknown
2d31a82e48fe410f,66b2bf4e644d859a,2d31a82e48fe410f,frontend,/profile.Profile/GetProfiles,1773826813912720,1521,False,Unknown
2d31a82e48fe410f,2d31a82e48fe410f,ROOT,frontend,HTTP GET /recommendations,1773826813911986,2284,False,200
2d31a82e48fe410f,08389a7eb90142b8,6aef5332b9e9aa09,profile,memcached_get_profile,1773826813913126,172,False,Unknown
2d31a82e48fe410f,7db4ce2659a2f6dc,6aef5332b9e9aa09,profile,mongo_profile,1773826813913322,721,False,Unknown
2d31a82e48fe410f,6aef5332b9e9aa09,66b2bf4e644d859a,profile,/profile.Profile/GetProfiles,1773826813913119,936,False,Unknown
2d31a82e48fe410f,28164ecc13fe3ef4,55002e51682c5d8b,recommendation,/recommendation.Recommendation/GetRecommendations,1773826813912456,68,False,Unknown
49399968f65827a3,55393fbf2883d1b5,459bb8b409305ecb,profile,/profile.Profile/GetProfiles,1773826814043076,4014,False,Unknown
49399968f65827a3,475773063c3bb7ba,55393fbf2883d1b5,profile,memcached_get_profile,1773826814043083,200,False,Unknown
49399968f65827a3,3665fcbc37b3f0ee,55393fbf2883d1b5,profile,mongo_profile,1773826814043313,743,False,Unknown
49399968f65827a3,42a6f8d6fd40a126,55393fbf2883d1b5,profile,mongo_profile,1773826814043453,2262,False,Unknown
49399968f65827a3,0de327cd91b69c40,55393fbf2883d1b5,profile,mongo_profile,1773826814043354,2424,False,Unknown
49399968f65827a3,75535d98ea10aada,55393fbf2883d1b5,profile,mongo_profile,1773826814043364,2700,False,Unknown
49399968f65827a3,08458fbce7196282,55393fbf2883d1b5,profile,mongo_profile,1773826814043370,3708,False,Unknown
49399968f65827a3,27f2eeb68ef7151c,322ea91fd23b5bd4,recommendation,/recommendation.Recommendation/GetRecommendations,1773826814042585,10,False,Unknown
49399968f65827a3,322ea91fd23b5bd4,49399968f65827a3,frontend,/recommendation.Recommendation/GetRecommendations,1773826814042377,341,False,Unknown
49399968f65827a3,459bb8b409305ecb,49399968f65827a3,frontend,/profile.Profile/GetProfiles,1773826814042727,4564,False,Unknown
49399968f65827a3,49399968f65827a3,ROOT,frontend,HTTP GET /recommendations,1773826814042363,5897,False,200
6e97f08c14d07d16,6e97f08c14d07d16,ROOT,frontend,HTTP GET /recommendations,1773826814957191,1078,False,200
6e97f08c14d07d16,3fc1b74ed341e0eb,6e97f08c14d07d16,frontend,/recommendation.Recommendation/GetRecommendations,1773826814957203,291,False,Unknown
6e97f08c14d07d16,207c56f80f205be1,6e97f08c14d07d16,frontend,/profile.Profile/GetProfiles,1773826814957499,745,False,Unknown
6e97f08c14d07d16,2cf7cbfc8be2cca2,07fd3aa863b353d7,profile,memcached_get_profile,1773826814957727,112,False,Unknown
6e97f08c14d07d16,365e80c5eda11720,07fd3aa863b353d7,profile,mongo_profile,1773826814957849,296,False,Unknown
6e97f08c14d07d16,07fd3aa863b353d7,207c56f80f205be1,profile,/profile.Profile/GetProfiles,1773826814957721,443,False,Unknown
6e97f08c14d07d16,3c2151b44caa4738,3fc1b74ed341e0eb,recommendation,/recommendation.Recommendation/GetRecommendations,1773826814957379,7,False,Unknown
5878b8bbf6d28105,1e6f8d63effdf182,5878b8bbf6d28105,frontend,/search.Search/Nearby,1773826814808766,2232,False,Unknown
5878b8bbf6d28105,401646190c7d9d5a,5878b8bbf6d28105,frontend,/reservation.Reservation/CheckAvailability,1773826814811006,685,False,Unknown
5878b8bbf6d28105,6ae236369f55e59d,5878b8bbf6d28105,frontend,/profile.Profile/GetProfiles,1773826814811700,761,False,Unknown
5878b8bbf6d28105,5878b8bbf6d28105,ROOT,frontend,HTTP GET /hotels,1773826814808730,3773,False,200
5878b8bbf6d28105,4e43c5ae54373bd1,401646190c7d9d5a,reservation,/reservation.Reservation/CheckAvailability,1773826814811228,377,False,Unknown
5878b8bbf6d28105,4a19d4f96fff5ca5,4e43c5ae54373bd1,reservation,memcached_capacity_get_multi_number,1773826814811242,134,False,Unknown
5878b8bbf6d28105,4cebd88799aea578,4e43c5ae54373bd1,reservation,memcached_reserve_get_multi_number,1773826814811408,166,False,Unknown
5878b8bbf6d28105,13e136d74ec8f7eb,32bb551c69778b5e,search,/geo.Geo/Nearby,1773826814809054,407,False,Unknown
5878b8bbf6d28105,462059f7b6f4d8f6,32bb551c69778b5e,search,/rate.Rate/GetRates,1773826814809497,1389,False,Unknown
5878b8bbf6d28105,32bb551c69778b5e,1e6f8d63effdf182,search,/search.Search/Nearby,1773826814809043,1849,False,Unknown
5878b8bbf6d28105,6bf43ae740255aa9,684b0d3611e00111,profile,memcached_get_profile,1773826814811927,126,False,Unknown
5878b8bbf6d28105,49128e80fb2c0fa9,684b0d3611e00111,profile,mongo_profile,1773826814812064,289,False,Unknown
5878b8bbf6d28105,340704515c94a6aa,684b0d3611e00111,profile,mongo_profile,1773826814812098,266,False,Unknown
5878b8bbf6d28105,684b0d3611e00111,6ae236369f55e59d,profile,/profile.Profile/GetProfiles,1773826814811921,448,False,Unknown
5878b8bbf6d28105,3b2ec4ab2b7bba73,13e136d74ec8f7eb,geo,/geo.Geo/Nearby,1773826814809317,33,False,Unknown
5878b8bbf6d28105,5161abc38ab0d37a,2b57fc6bf27ae6f5,rate,memcached_get_multi_rate,1773826814809712,147,False,Unknown
5878b8bbf6d28105,69e3c16924e18ab5,2b57fc6bf27ae6f5,rate,mongo_rate,1773826814809888,400,False,Unknown
5878b8bbf6d28105,5f9f9629acdc7ce4,2b57fc6bf27ae6f5,rate,mongo_rate,1773826814809883,410,False,Unknown
5878b8bbf6d28105,3bade411d42336c5,2b57fc6bf27ae6f5,rate,mongo_rate,1773826814809926,638,False,Unknown
5878b8bbf6d28105,08624689b5392005,2b57fc6bf27ae6f5,rate,mongo_rate,1773826814809946,727,False,Unknown
5878b8bbf6d28105,04cf3ea8ca0422c8,2b57fc6bf27ae6f5,rate,mongo_rate,1773826814809962,808,False,Unknown
5878b8bbf6d28105,2b57fc6bf27ae6f5,462059f7b6f4d8f6,rate,/rate.Rate/GetRates,1773826814809703,1085,False,Unknown
2fa92f066394da76,3642cd04cfc04e92,6cea34ce0ce211c6,profile,/profile.Profile/GetProfiles,1773826815225394,294,False,Unknown
2fa92f066394da76,7b390b2fc6a701a6,3642cd04cfc04e92,profile,memcached_get_profile,1773826815225399,248,False,Unknown
2fa92f066394da76,461effdad0087729,0b80262ee9dfbd9b,recommendation,/recommendation.Recommendation/GetRecommendations,1773826815224972,10,False,Unknown
2fa92f066394da76,0b80262ee9dfbd9b,2fa92f066394da76,frontend,/recommendation.Recommendation/GetRecommendations,1773826815224684,436,False,Unknown
2fa92f066394da76,6cea34ce0ce211c6,2fa92f066394da76,frontend,/profile.Profile/GetProfiles,1773826815225125,664,False,Unknown
2fa92f066394da76,2fa92f066394da76,ROOT,frontend,HTTP GET /recommendations,1773826815224665,1148,False,200
796f7a624e77b3cc,535d628bc420609b,68f9714fa9e14120,profile,/profile.Profile/GetProfiles,1773826816193419,11,False,Unknown
796f7a624e77b3cc,5558273b5baee61d,535d628bc420609b,profile,memcached_get_profile,1773826816193425,1,False,Unknown
796f7a624e77b3cc,76f0af30a896e7f2,10ab1e4fe3a107a4,geo,/geo.Geo/Nearby,1773826816192267,63,False,Unknown
796f7a624e77b3cc,4d30b6f8a27cfaf2,4bce0384a88c6947,rate,/rate.Rate/GetRates,1773826816192640,13,False,Unknown
796f7a624e77b3cc,682274d478e4b2f0,4d30b6f8a27cfaf2,rate,memcached_get_multi_rate,1773826816192645,1,False,Unknown
796f7a624e77b3cc,796f7a624e77b3cc,ROOT,frontend,HTTP GET /hotels,1773826816191876,1632,False,200
796f7a624e77b3cc,2b7721ef553cace7,796f7a624e77b3cc,frontend,/search.Search/Nearby,1773826816191890,967,False,Unknown
796f7a624e77b3cc,7b76080e3bb8fca4,796f7a624e77b3cc,frontend,/reservation.Reservation/CheckAvailability,1773826816192862,390,False,Unknown
796f7a624e77b3cc,68f9714fa9e14120,796f7a624e77b3cc,frontend,/profile.Profile/GetProfiles,1773826816193255,241,False,Unknown
796f7a624e77b3cc,045c54328cdc5116,7b76080e3bb8fca4,reservation,/reservation.Reservation/CheckAvailability,1773826816193149,21,False,Unknown
796f7a624e77b3cc,4749b8e38e202da3,045c54328cdc5116,reservation,memcached_capacity_get_multi_number,1773826816193158,3,False,Unknown
796f7a624e77b3cc,3d628dcbab7d4096,045c54328cdc5116,reservation,memcached_reserve_get_multi_number,1773826816193167,0,False,Unknown
796f7a624e77b3cc,6d22cfb503ad263f,2b7721ef553cace7,search,/search.Search/Nearby,1773826816192084,644,False,Unknown
796f7a624e77b3cc,10ab1e4fe3a107a4,6d22cfb503ad263f,search,/geo.Geo/Nearby,1773826816192090,322,False,Unknown
796f7a624e77b3cc,4bce0384a88c6947,6d22cfb503ad263f,search,/rate.Rate/GetRates,1773826816192417,307,False,Unknown
7a5a6e2710bebe55,75e8b923a3343ba5,3cffe48dff22bf0e,profile,memcached_get_profile,1773826816147930,107,False,Unknown
7a5a6e2710bebe55,5dab9651b896f0f0,3cffe48dff22bf0e,profile,mongo_profile,1773826816148058,354,False,Unknown
7a5a6e2710bebe55,3cffe48dff22bf0e,4d52974500d3c4d7,profile,/profile.Profile/GetProfiles,1773826816147925,497,False,Unknown
7a5a6e2710bebe55,5abe94a845fb91fc,5283e434017dde66,recommendation,/recommendation.Recommendation/GetRecommendations,1773826816147633,32,False,Unknown
7a5a6e2710bebe55,5283e434017dde66,7a5a6e2710bebe55,frontend,/recommendation.Recommendation/GetRecommendations,1773826816147424,320,False,Unknown
7a5a6e2710bebe55,4d52974500d3c4d7,7a5a6e2710bebe55,frontend,/profile.Profile/GetProfiles,1773826816147748,888,False,Unknown
7a5a6e2710bebe55,7a5a6e2710bebe55,ROOT,frontend,HTTP GET /recommendations,1773826816147407,1313,False,200
504f65a15e522522,2bfa5c9f444ae787,1740d93fdb84a847,recommendation,/recommendation.Recommendation/GetRecommendations,1773826813726931,87,False,Unknown
504f65a15e522522,1740d93fdb84a847,504f65a15e522522,frontend,/recommendation.Recommendation/GetRecommendations,1773826813725324,1998,False,Unknown
504f65a15e522522,6d46337b46035145,504f65a15e522522,frontend,/profile.Profile/GetProfiles,1773826813727362,5926,False,Unknown
504f65a15e522522,504f65a15e522522,ROOT,frontend,HTTP GET /recommendations,1773826813725127,8279,False,200
504f65a15e522522,319fbf3cc7516449,2d381e8d668601f8,profile,memcached_get_profile,1773826813728787,888,False,Unknown
504f65a15e522522,2f81a8c874f76ea4,2d381e8d668601f8,profile,mongo_profile,1773826813729842,2751,False,Unknown
504f65a15e522522,2d381e8d668601f8,6d46337b46035145,profile,/profile.Profile/GetProfiles,1773826813728746,3963,False,Unknown
6dbd69f9d1694492,1d992cdcf9316d0f,302ee03b33a89c1d,reservation,/reservation.Reservation/CheckAvailability,1773826814040109,1029,False,Unknown
6dbd69f9d1694492,4fa104c15a25c0b9,1d992cdcf9316d0f,reservation,memcached_capacity_get_multi_number,1773826814040174,733,False,Unknown
6dbd69f9d1694492,13d2c76b340d9cd2,1d992cdcf9316d0f,reservation,memcached_reserve_get_multi_number,1773826814040954,182,False,Unknown
6dbd69f9d1694492,488e2aa5f2114295,348360b0c203e0ac,search,/search.Search/Nearby,1773826814006380,31634,False,Unknown
6dbd69f9d1694492,013886f3897c6546,488e2aa5f2114295,search,/geo.Geo/Nearby,1773826814006423,1114,False,Unknown
6dbd69f9d1694492,171e0f98f9d07417,488e2aa5f2114295,search,/rate.Rate/GetRates,1773826814007551,30460,False,Unknown
6dbd69f9d1694492,7fb76eca99ecc8bd,1f1fc85d42cafe1b,profile,memcached_get_profile,1773826814041670,135,False,Unknown
6dbd69f9d1694492,51ce69c81123fa8c,1f1fc85d42cafe1b,profile,mongo_profile,1773826814041824,365,False,Unknown
6dbd69f9d1694492,1f1fc85d42cafe1b,0f4441cd6a4c12d5,profile,/profile.Profile/GetProfiles,1773826814041664,542,False,Unknown
6dbd69f9d1694492,242c1c6c573e5a78,013886f3897c6546,geo,/geo.Geo/Nearby,1773826814007218,70,False,Unknown
6dbd69f9d1694492,1cced7d77423225b,171e0f98f9d07417,rate,/rate.Rate/GetRates,1773826814008940,28815,False,Unknown
6dbd69f9d1694492,323b90a0fd6470f2,1cced7d77423225b,rate,memcached_get_multi_rate,1773826814008999,23155,False,Unknown
6dbd69f9d1694492,36133ddc37ad4f14,1cced7d77423225b,rate,mongo_rate,1773826814032276,3633,False,Unknown
6dbd69f9d1694492,1c8357ae15b8abe1,1cced7d77423225b,rate,mongo_rate,1773826814032277,3706,False,Unknown
6dbd69f9d1694492,46e8dc29253dbce7,1cced7d77423225b,rate,mongo_rate,1773826814032458,4160,False,Unknown
6dbd69f9d1694492,60c549858b1b8b56,1cced7d77423225b,rate,mongo_rate,1773826814032250,5064,False,Unknown
6dbd69f9d1694492,4ec73f8d9d8e72e1,1cced7d77423225b,rate,mongo_rate,1773826814032741,4997,False,Unknown
6dbd69f9d1694492,348360b0c203e0ac,6dbd69f9d1694492,frontend,/search.Search/Nearby,1773826814005494,32685,False,Unknown
6dbd69f9d1694492,302ee03b33a89c1d,6dbd69f9d1694492,frontend,/reservation.Reservation/CheckAvailability,1773826814038193,3120,False,Unknown
6dbd69f9d1694492,0f4441cd6a4c12d5,6dbd69f9d1694492,frontend,/profile.Profile/GetProfiles,1773826814041321,966,False,Unknown
6dbd69f9d1694492,6dbd69f9d1694492,ROOT,frontend,HTTP GET /hotels,1773826814005460,36849,False,200
0f5b1f1ae0740ca2,10930b8303cc0f92,13169e2236fad22d,search,/search.Search/Nearby,1773826815157819,1548,False,Unknown
0f5b1f1ae0740ca2,23201930cdae97ae,10930b8303cc0f92,search,/geo.Geo/Nearby,1773826815157824,501,False,Unknown
0f5b1f1ae0740ca2,1a0739fdc80675e3,10930b8303cc0f92,search,/rate.Rate/GetRates,1773826815158328,1037,False,Unknown
0f5b1f1ae0740ca2,7f5980d3e293fefd,53f0681003e32493,profile,memcached_get_profile,1773826815160246,102,False,Unknown
0f5b1f1ae0740ca2,48b17954f1b5d312,53f0681003e32493,profile,mongo_profile,1773826815160385,234,False,Unknown
0f5b1f1ae0740ca2,2c7a329fe6861d03,53f0681003e32493,profile,mongo_profile,1773826815160359,275,False,Unknown
0f5b1f1ae0740ca2,53f0681003e32493,36fd4f017f2d2f31,profile,/profile.Profile/GetProfiles,1773826815160238,403,False,Unknown
0f5b1f1ae0740ca2,3f0e92c95b60168b,23201930cdae97ae,geo,/geo.Geo/Nearby,1773826815158185,43,False,Unknown
0f5b1f1ae0740ca2,2dfcaf3b4827ec6d,50da75e5ec630b44,rate,memcached_get_multi_rate,1773826815158546,150,False,Unknown
0f5b1f1ae0740ca2,15dd795b3dce8351,50da75e5ec630b44,rate,mongo_rate,1773826815158728,443,False,Unknown
0f5b1f1ae0740ca2,39345f9d26f004de,50da75e5ec630b44,rate,mongo_rate,1773826815158711,466,False,Unknown
0f5b1f1ae0740ca2,7293327eafe119af,50da75e5ec630b44,rate,mongo_rate,1773826815158755,426,False,Unknown
0f5b1f1ae0740ca2,09a2342bf3d00408,50da75e5ec630b44,rate,mongo_rate,1773826815158766,416,False,Unknown
0f5b1f1ae0740ca2,233b6cb006bc404c,50da75e5ec630b44,rate,mongo_rate,1773826815158771,411,False,Unknown
0f5b1f1ae0740ca2,50da75e5ec630b44,1a0739fdc80675e3,rate,/rate.Rate/GetRates,1773826815158542,656,False,Unknown
0f5b1f1ae0740ca2,13169e2236fad22d,0f5b1f1ae0740ca2,frontend,/search.Search/Nearby,1773826815157650,1798,False,Unknown
0f5b1f1ae0740ca2,1331e6454310b986,0f5b1f1ae0740ca2,frontend,/reservation.Reservation/CheckAvailability,1773826815159454,638,False,Unknown
0f5b1f1ae0740ca2,36fd4f017f2d2f31,0f5b1f1ae0740ca2,frontend,/profile.Profile/GetProfiles,1773826815160095,641,False,Unknown
0f5b1f1ae0740ca2,0f5b1f1ae0740ca2,ROOT,frontend,HTTP GET /hotels,1773826815157635,3126,False,200
0f5b1f1ae0740ca2,0cf1ac8236cf11aa,41fce89d0284c815,reservation,memcached_capacity_get_multi_number,1773826815159695,108,False,Unknown
0f5b1f1ae0740ca2,6917a74fbee427a5,41fce89d0284c815,reservation,memcached_reserve_get_multi_number,1773826815159921,103,False,Unknown
0f5b1f1ae0740ca2,41fce89d0284c815,1331e6454310b986,reservation,/reservation.Reservation/CheckAvailability,1773826815159674,352,False,Unknown
6bf1bd50787f8749,61869a4c22527759,61873981fe7be382,geo,/geo.Geo/Nearby,1773826815325036,104,False,Unknown
6bf1bd50787f8749,350dd056388ab701,4f8781b3c3843f4b,rate,/rate.Rate/GetRates,1773826815325406,12,False,Unknown
6bf1bd50787f8749,6f5290adea65c131,350dd056388ab701,rate,memcached_get_multi_rate,1773826815325410,1,False,Unknown
6bf1bd50787f8749,6bf1bd50787f8749,ROOT,frontend,HTTP GET /hotels,1773826815324633,1560,False,200
6bf1bd50787f8749,43dcc29c2b3ae836,6bf1bd50787f8749,frontend,/search.Search/Nearby,1773826815324647,1024,False,Unknown
6bf1bd50787f8749,27ce7c5e442cf331,6bf1bd50787f8749,frontend,/reservation.Reservation/CheckAvailability,1773826815325682,258,False,Unknown
6bf1bd50787f8749,0d2d850de8ce30da,6bf1bd50787f8749,frontend,/profile.Profile/GetProfiles,1773826815325943,234,False,Unknown
6bf1bd50787f8749,44d7acc54a832d1e,27ce7c5e442cf331,reservation,/reservation.Reservation/CheckAvailability,1773826815325853,11,False,Unknown
6bf1bd50787f8749,2524f1edd3bf6ef9,44d7acc54a832d1e,reservation,memcached_capacity_get_multi_number,1773826815325860,1,False,Unknown
6bf1bd50787f8749,2ecd457d06299c2a,44d7acc54a832d1e,reservation,memcached_reserve_get_multi_number,1773826815325862,0,False,Unknown
6bf1bd50787f8749,5cdcd9a70f3954b6,43dcc29c2b3ae836,search,/search.Search/Nearby,1773826815324842,692,False,Unknown
6bf1bd50787f8749,61873981fe7be382,5cdcd9a70f3954b6,search,/geo.Geo/Nearby,1773826815324848,370,False,Unknown
6bf1bd50787f8749,4f8781b3c3843f4b,5cdcd9a70f3954b6,search,/rate.Rate/GetRates,1773826815325224,308,False,Unknown
6bf1bd50787f8749,0a16b3c5ab7daadc,25d9cf9fc8b57a0e,profile,memcached_get_profile,1773826815326070,1,False,Unknown
6bf1bd50787f8749,25d9cf9fc8b57a0e,0d2d850de8ce30da,profile,/profile.Profile/GetProfiles,1773826815326064,15,False,Unknown
5878b8bbf6d28105,1e6f8d63effdf182,5878b8bbf6d28105,frontend,/search.Search/Nearby,1773826814808766,2232,False,Unknown
5878b8bbf6d28105,401646190c7d9d5a,5878b8bbf6d28105,frontend,/reservation.Reservation/CheckAvailability,1773826814811006,685,False,Unknown
5878b8bbf6d28105,6ae236369f55e59d,5878b8bbf6d28105,frontend,/profile.Profile/GetProfiles,1773826814811700,761,False,Unknown
5878b8bbf6d28105,5878b8bbf6d28105,ROOT,frontend,HTTP GET /hotels,1773826814808730,3773,False,200
5878b8bbf6d28105,4e43c5ae54373bd1,401646190c7d9d5a,reservation,/reservation.Reservation/CheckAvailability,1773826814811228,377,False,Unknown
5878b8bbf6d28105,4a19d4f96fff5ca5,4e43c5ae54373bd1,reservation,memcached_capacity_get_multi_number,1773826814811242,134,False,Unknown
5878b8bbf6d28105,4cebd88799aea578,4e43c5ae54373bd1,reservation,memcached_reserve_get_multi_number,1773826814811408,166,False,Unknown
5878b8bbf6d28105,13e136d74ec8f7eb,32bb551c69778b5e,search,/geo.Geo/Nearby,1773826814809054,407,False,Unknown
5878b8bbf6d28105,462059f7b6f4d8f6,32bb551c69778b5e,search,/rate.Rate/GetRates,1773826814809497,1389,False,Unknown
5878b8bbf6d28105,32bb551c69778b5e,1e6f8d63effdf182,search,/search.Search/Nearby,1773826814809043,1849,False,Unknown
5878b8bbf6d28105,6bf43ae740255aa9,684b0d3611e00111,profile,memcached_get_profile,1773826814811927,126,False,Unknown
5878b8bbf6d28105,49128e80fb2c0fa9,684b0d3611e00111,profile,mongo_profile,1773826814812064,289,False,Unknown
5878b8bbf6d28105,340704515c94a6aa,684b0d3611e00111,profile,mongo_profile,1773826814812098,266,False,Unknown
5878b8bbf6d28105,684b0d3611e00111,6ae236369f55e59d,profile,/profile.Profile/GetProfiles,1773826814811921,448,False,Unknown
5878b8bbf6d28105,3b2ec4ab2b7bba73,13e136d74ec8f7eb,geo,/geo.Geo/Nearby,1773826814809317,33,False,Unknown
5878b8bbf6d28105,5161abc38ab0d37a,2b57fc6bf27ae6f5,rate,memcached_get_multi_rate,1773826814809712,147,False,Unknown
5878b8bbf6d28105,69e3c16924e18ab5,2b57fc6bf27ae6f5,rate,mongo_rate,1773826814809888,400,False,Unknown
5878b8bbf6d28105,5f9f9629acdc7ce4,2b57fc6bf27ae6f5,rate,mongo_rate,1773826814809883,410,False,Unknown
5878b8bbf6d28105,3bade411d42336c5,2b57fc6bf27ae6f5,rate,mongo_rate,1773826814809926,638,False,Unknown
5878b8bbf6d28105,08624689b5392005,2b57fc6bf27ae6f5,rate,mongo_rate,1773826814809946,727,False,Unknown
5878b8bbf6d28105,04cf3ea8ca0422c8,2b57fc6bf27ae6f5,rate,mongo_rate,1773826814809962,808,False,Unknown
5878b8bbf6d28105,2b57fc6bf27ae6f5,462059f7b6f4d8f6,rate,/rate.Rate/GetRates,1773826814809703,1085,False,Unknown
796f7a624e77b3cc,535d628bc420609b,68f9714fa9e14120,profile,/profile.Profile/GetProfiles,1773826816193419,11,False,Unknown
796f7a624e77b3cc,5558273b5baee61d,535d628bc420609b,profile,memcached_get_profile,1773826816193425,1,False,Unknown
796f7a624e77b3cc,76f0af30a896e7f2,10ab1e4fe3a107a4,geo,/geo.Geo/Nearby,1773826816192267,63,False,Unknown
796f7a624e77b3cc,4d30b6f8a27cfaf2,4bce0384a88c6947,rate,/rate.Rate/GetRates,1773826816192640,13,False,Unknown
796f7a624e77b3cc,682274d478e4b2f0,4d30b6f8a27cfaf2,rate,memcached_get_multi_rate,1773826816192645,1,False,Unknown
796f7a624e77b3cc,796f7a624e77b3cc,ROOT,frontend,HTTP GET /hotels,1773826816191876,1632,False,200
796f7a624e77b3cc,2b7721ef553cace7,796f7a624e77b3cc,frontend,/search.Search/Nearby,1773826816191890,967,False,Unknown
796f7a624e77b3cc,7b76080e3bb8fca4,796f7a624e77b3cc,frontend,/reservation.Reservation/CheckAvailability,1773826816192862,390,False,Unknown
796f7a624e77b3cc,68f9714fa9e14120,796f7a624e77b3cc,frontend,/profile.Profile/GetProfiles,1773826816193255,241,False,Unknown
796f7a624e77b3cc,045c54328cdc5116,7b76080e3bb8fca4,reservation,/reservation.Reservation/CheckAvailability,1773826816193149,21,False,Unknown
796f7a624e77b3cc,4749b8e38e202da3,045c54328cdc5116,reservation,memcached_capacity_get_multi_number,1773826816193158,3,False,Unknown
796f7a624e77b3cc,3d628dcbab7d4096,045c54328cdc5116,reservation,memcached_reserve_get_multi_number,1773826816193167,0,False,Unknown
796f7a624e77b3cc,6d22cfb503ad263f,2b7721ef553cace7,search,/search.Search/Nearby,1773826816192084,644,False,Unknown
796f7a624e77b3cc,10ab1e4fe3a107a4,6d22cfb503ad263f,search,/geo.Geo/Nearby,1773826816192090,322,False,Unknown
796f7a624e77b3cc,4bce0384a88c6947,6d22cfb503ad263f,search,/rate.Rate/GetRates,1773826816192417,307,False,Unknown
6dbd69f9d1694492,1d992cdcf9316d0f,302ee03b33a89c1d,reservation,/reservation.Reservation/CheckAvailability,1773826814040109,1029,False,Unknown
6dbd69f9d1694492,4fa104c15a25c0b9,1d992cdcf9316d0f,reservation,memcached_capacity_get_multi_number,1773826814040174,733,False,Unknown
6dbd69f9d1694492,13d2c76b340d9cd2,1d992cdcf9316d0f,reservation,memcached_reserve_get_multi_number,1773826814040954,182,False,Unknown
6dbd69f9d1694492,488e2aa5f2114295,348360b0c203e0ac,search,/search.Search/Nearby,1773826814006380,31634,False,Unknown
6dbd69f9d1694492,013886f3897c6546,488e2aa5f2114295,search,/geo.Geo/Nearby,1773826814006423,1114,False,Unknown
6dbd69f9d1694492,171e0f98f9d07417,488e2aa5f2114295,search,/rate.Rate/GetRates,1773826814007551,30460,False,Unknown
6dbd69f9d1694492,7fb76eca99ecc8bd,1f1fc85d42cafe1b,profile,memcached_get_profile,1773826814041670,135,False,Unknown
6dbd69f9d1694492,51ce69c81123fa8c,1f1fc85d42cafe1b,profile,mongo_profile,1773826814041824,365,False,Unknown
6dbd69f9d1694492,1f1fc85d42cafe1b,0f4441cd6a4c12d5,profile,/profile.Profile/GetProfiles,1773826814041664,542,False,Unknown
6dbd69f9d1694492,242c1c6c573e5a78,013886f3897c6546,geo,/geo.Geo/Nearby,1773826814007218,70,False,Unknown
6dbd69f9d1694492,1cced7d77423225b,171e0f98f9d07417,rate,/rate.Rate/GetRates,1773826814008940,28815,False,Unknown
6dbd69f9d1694492,323b90a0fd6470f2,1cced7d77423225b,rate,memcached_get_multi_rate,1773826814008999,23155,False,Unknown
6dbd69f9d1694492,36133ddc37ad4f14,1cced7d77423225b,rate,mongo_rate,1773826814032276,3633,False,Unknown
6dbd69f9d1694492,1c8357ae15b8abe1,1cced7d77423225b,rate,mongo_rate,1773826814032277,3706,False,Unknown
6dbd69f9d1694492,46e8dc29253dbce7,1cced7d77423225b,rate,mongo_rate,1773826814032458,4160,False,Unknown
6dbd69f9d1694492,60c549858b1b8b56,1cced7d77423225b,rate,mongo_rate,1773826814032250,5064,False,Unknown
6dbd69f9d1694492,4ec73f8d9d8e72e1,1cced7d77423225b,rate,mongo_rate,1773826814032741,4997,False,Unknown
6dbd69f9d1694492,348360b0c203e0ac,6dbd69f9d1694492,frontend,/search.Search/Nearby,1773826814005494,32685,False,Unknown
6dbd69f9d1694492,302ee03b33a89c1d,6dbd69f9d1694492,frontend,/reservation.Reservation/CheckAvailability,1773826814038193,3120,False,Unknown
6dbd69f9d1694492,0f4441cd6a4c12d5,6dbd69f9d1694492,frontend,/profile.Profile/GetProfiles,1773826814041321,966,False,Unknown
6dbd69f9d1694492,6dbd69f9d1694492,ROOT,frontend,HTTP GET /hotels,1773826814005460,36849,False,200
0f5b1f1ae0740ca2,10930b8303cc0f92,13169e2236fad22d,search,/search.Search/Nearby,1773826815157819,1548,False,Unknown
0f5b1f1ae0740ca2,23201930cdae97ae,10930b8303cc0f92,search,/geo.Geo/Nearby,1773826815157824,501,False,Unknown
0f5b1f1ae0740ca2,1a0739fdc80675e3,10930b8303cc0f92,search,/rate.Rate/GetRates,1773826815158328,1037,False,Unknown
0f5b1f1ae0740ca2,7f5980d3e293fefd,53f0681003e32493,profile,memcached_get_profile,1773826815160246,102,False,Unknown
0f5b1f1ae0740ca2,48b17954f1b5d312,53f0681003e32493,profile,mongo_profile,1773826815160385,234,False,Unknown
0f5b1f1ae0740ca2,2c7a329fe6861d03,53f0681003e32493,profile,mongo_profile,1773826815160359,275,False,Unknown
0f5b1f1ae0740ca2,53f0681003e32493,36fd4f017f2d2f31,profile,/profile.Profile/GetProfiles,1773826815160238,403,False,Unknown
0f5b1f1ae0740ca2,3f0e92c95b60168b,23201930cdae97ae,geo,/geo.Geo/Nearby,1773826815158185,43,False,Unknown
0f5b1f1ae0740ca2,2dfcaf3b4827ec6d,50da75e5ec630b44,rate,memcached_get_multi_rate,1773826815158546,150,False,Unknown
0f5b1f1ae0740ca2,15dd795b3dce8351,50da75e5ec630b44,rate,mongo_rate,1773826815158728,443,False,Unknown
0f5b1f1ae0740ca2,39345f9d26f004de,50da75e5ec630b44,rate,mongo_rate,1773826815158711,466,False,Unknown
0f5b1f1ae0740ca2,7293327eafe119af,50da75e5ec630b44,rate,mongo_rate,1773826815158755,426,False,Unknown
0f5b1f1ae0740ca2,09a2342bf3d00408,50da75e5ec630b44,rate,mongo_rate,1773826815158766,416,False,Unknown
0f5b1f1ae0740ca2,233b6cb006bc404c,50da75e5ec630b44,rate,mongo_rate,1773826815158771,411,False,Unknown
0f5b1f1ae0740ca2,50da75e5ec630b44,1a0739fdc80675e3,rate,/rate.Rate/GetRates,1773826815158542,656,False,Unknown
0f5b1f1ae0740ca2,13169e2236fad22d,0f5b1f1ae0740ca2,frontend,/search.Search/Nearby,1773826815157650,1798,False,Unknown
0f5b1f1ae0740ca2,1331e6454310b986,0f5b1f1ae0740ca2,frontend,/reservation.Reservation/CheckAvailability,1773826815159454,638,False,Unknown
0f5b1f1ae0740ca2,36fd4f017f2d2f31,0f5b1f1ae0740ca2,frontend,/profile.Profile/GetProfiles,1773826815160095,641,False,Unknown
0f5b1f1ae0740ca2,0f5b1f1ae0740ca2,ROOT,frontend,HTTP GET /hotels,1773826815157635,3126,False,200
0f5b1f1ae0740ca2,0cf1ac8236cf11aa,41fce89d0284c815,reservation,memcached_capacity_get_multi_number,1773826815159695,108,False,Unknown
0f5b1f1ae0740ca2,6917a74fbee427a5,41fce89d0284c815,reservation,memcached_reserve_get_multi_number,1773826815159921,103,False,Unknown
0f5b1f1ae0740ca2,41fce89d0284c815,1331e6454310b986,reservation,/reservation.Reservation/CheckAvailability,1773826815159674,352,False,Unknown
6bf1bd50787f8749,61869a4c22527759,61873981fe7be382,geo,/geo.Geo/Nearby,1773826815325036,104,False,Unknown
6bf1bd50787f8749,350dd056388ab701,4f8781b3c3843f4b,rate,/rate.Rate/GetRates,1773826815325406,12,False,Unknown
6bf1bd50787f8749,6f5290adea65c131,350dd056388ab701,rate,memcached_get_multi_rate,1773826815325410,1,False,Unknown
6bf1bd50787f8749,6bf1bd50787f8749,ROOT,frontend,HTTP GET /hotels,1773826815324633,1560,False,200
6bf1bd50787f8749,43dcc29c2b3ae836,6bf1bd50787f8749,frontend,/search.Search/Nearby,1773826815324647,1024,False,Unknown
6bf1bd50787f8749,27ce7c5e442cf331,6bf1bd50787f8749,frontend,/reservation.Reservation/CheckAvailability,1773826815325682,258,False,Unknown
6bf1bd50787f8749,0d2d850de8ce30da,6bf1bd50787f8749,frontend,/profile.Profile/GetProfiles,1773826815325943,234,False,Unknown
6bf1bd50787f8749,44d7acc54a832d1e,27ce7c5e442cf331,reservation,/reservation.Reservation/CheckAvailability,1773826815325853,11,False,Unknown
6bf1bd50787f8749,2524f1edd3bf6ef9,44d7acc54a832d1e,reservation,memcached_capacity_get_multi_number,1773826815325860,1,False,Unknown
6bf1bd50787f8749,2ecd457d06299c2a,44d7acc54a832d1e,reservation,memcached_reserve_get_multi_number,1773826815325862,0,False,Unknown
6bf1bd50787f8749,5cdcd9a70f3954b6,43dcc29c2b3ae836,search,/search.Search/Nearby,1773826815324842,692,False,Unknown
6bf1bd50787f8749,61873981fe7be382,5cdcd9a70f3954b6,search,/geo.Geo/Nearby,1773826815324848,370,False,Unknown
6bf1bd50787f8749,4f8781b3c3843f4b,5cdcd9a70f3954b6,search,/rate.Rate/GetRates,1773826815325224,308,False,Unknown
6bf1bd50787f8749,0a16b3c5ab7daadc,25d9cf9fc8b57a0e,profile,memcached_get_profile,1773826815326070,1,False,Unknown
6bf1bd50787f8749,25d9cf9fc8b57a0e,0d2d850de8ce30da,profile,/profile.Profile/GetProfiles,1773826815326064,15,False,Unknown
6dbd69f9d1694492,1d992cdcf9316d0f,302ee03b33a89c1d,reservation,/reservation.Reservation/CheckAvailability,1773826814040109,1029,False,Unknown
6dbd69f9d1694492,4fa104c15a25c0b9,1d992cdcf9316d0f,reservation,memcached_capacity_get_multi_number,1773826814040174,733,False,Unknown
6dbd69f9d1694492,13d2c76b340d9cd2,1d992cdcf9316d0f,reservation,memcached_reserve_get_multi_number,1773826814040954,182,False,Unknown
6dbd69f9d1694492,488e2aa5f2114295,348360b0c203e0ac,search,/search.Search/Nearby,1773826814006380,31634,False,Unknown
6dbd69f9d1694492,013886f3897c6546,488e2aa5f2114295,search,/geo.Geo/Nearby,1773826814006423,1114,False,Unknown
6dbd69f9d1694492,171e0f98f9d07417,488e2aa5f2114295,search,/rate.Rate/GetRates,1773826814007551,30460,False,Unknown
6dbd69f9d1694492,7fb76eca99ecc8bd,1f1fc85d42cafe1b,profile,memcached_get_profile,1773826814041670,135,False,Unknown
6dbd69f9d1694492,51ce69c81123fa8c,1f1fc85d42cafe1b,profile,mongo_profile,1773826814041824,365,False,Unknown
6dbd69f9d1694492,1f1fc85d42cafe1b,0f4441cd6a4c12d5,profile,/profile.Profile/GetProfiles,1773826814041664,542,False,Unknown
6dbd69f9d1694492,242c1c6c573e5a78,013886f3897c6546,geo,/geo.Geo/Nearby,1773826814007218,70,False,Unknown
6dbd69f9d1694492,1cced7d77423225b,171e0f98f9d07417,rate,/rate.Rate/GetRates,1773826814008940,28815,False,Unknown
6dbd69f9d1694492,323b90a0fd6470f2,1cced7d77423225b,rate,memcached_get_multi_rate,1773826814008999,23155,False,Unknown
6dbd69f9d1694492,36133ddc37ad4f14,1cced7d77423225b,rate,mongo_rate,1773826814032276,3633,False,Unknown
6dbd69f9d1694492,1c8357ae15b8abe1,1cced7d77423225b,rate,mongo_rate,1773826814032277,3706,False,Unknown
6dbd69f9d1694492,46e8dc29253dbce7,1cced7d77423225b,rate,mongo_rate,1773826814032458,4160,False,Unknown
6dbd69f9d1694492,60c549858b1b8b56,1cced7d77423225b,rate,mongo_rate,1773826814032250,5064,False,Unknown
6dbd69f9d1694492,4ec73f8d9d8e72e1,1cced7d77423225b,rate,mongo_rate,1773826814032741,4997,False,Unknown
6dbd69f9d1694492,348360b0c203e0ac,6dbd69f9d1694492,frontend,/search.Search/Nearby,1773826814005494,32685,False,Unknown
6dbd69f9d1694492,302ee03b33a89c1d,6dbd69f9d1694492,frontend,/reservation.Reservation/CheckAvailability,1773826814038193,3120,False,Unknown
6dbd69f9d1694492,0f4441cd6a4c12d5,6dbd69f9d1694492,frontend,/profile.Profile/GetProfiles,1773826814041321,966,False,Unknown
6dbd69f9d1694492,6dbd69f9d1694492,ROOT,frontend,HTTP GET /hotels,1773826814005460,36849,False,200
0f5b1f1ae0740ca2,10930b8303cc0f92,13169e2236fad22d,search,/search.Search/Nearby,1773826815157819,1548,False,Unknown
0f5b1f1ae0740ca2,23201930cdae97ae,10930b8303cc0f92,search,/geo.Geo/Nearby,1773826815157824,501,False,Unknown
0f5b1f1ae0740ca2,1a0739fdc80675e3,10930b8303cc0f92,search,/rate.Rate/GetRates,1773826815158328,1037,False,Unknown
0f5b1f1ae0740ca2,7f5980d3e293fefd,53f0681003e32493,profile,memcached_get_profile,1773826815160246,102,False,Unknown
0f5b1f1ae0740ca2,48b17954f1b5d312,53f0681003e32493,profile,mongo_profile,1773826815160385,234,False,Unknown
0f5b1f1ae0740ca2,2c7a329fe6861d03,53f0681003e32493,profile,mongo_profile,1773826815160359,275,False,Unknown
0f5b1f1ae0740ca2,53f0681003e32493,36fd4f017f2d2f31,profile,/profile.Profile/GetProfiles,1773826815160238,403,False,Unknown
0f5b1f1ae0740ca2,3f0e92c95b60168b,23201930cdae97ae,geo,/geo.Geo/Nearby,1773826815158185,43,False,Unknown
0f5b1f1ae0740ca2,2dfcaf3b4827ec6d,50da75e5ec630b44,rate,memcached_get_multi_rate,1773826815158546,150,False,Unknown
0f5b1f1ae0740ca2,15dd795b3dce8351,50da75e5ec630b44,rate,mongo_rate,1773826815158728,443,False,Unknown
0f5b1f1ae0740ca2,39345f9d26f004de,50da75e5ec630b44,rate,mongo_rate,1773826815158711,466,False,Unknown
0f5b1f1ae0740ca2,7293327eafe119af,50da75e5ec630b44,rate,mongo_rate,1773826815158755,426,False,Unknown
0f5b1f1ae0740ca2,09a2342bf3d00408,50da75e5ec630b44,rate,mongo_rate,1773826815158766,416,False,Unknown
0f5b1f1ae0740ca2,233b6cb006bc404c,50da75e5ec630b44,rate,mongo_rate,1773826815158771,411,False,Unknown
0f5b1f1ae0740ca2,50da75e5ec630b44,1a0739fdc80675e3,rate,/rate.Rate/GetRates,1773826815158542,656,False,Unknown
0f5b1f1ae0740ca2,13169e2236fad22d,0f5b1f1ae0740ca2,frontend,/search.Search/Nearby,1773826815157650,1798,False,Unknown
0f5b1f1ae0740ca2,1331e6454310b986,0f5b1f1ae0740ca2,frontend,/reservation.Reservation/CheckAvailability,1773826815159454,638,False,Unknown
0f5b1f1ae0740ca2,36fd4f017f2d2f31,0f5b1f1ae0740ca2,frontend,/profile.Profile/GetProfiles,1773826815160095,641,False,Unknown
0f5b1f1ae0740ca2,0f5b1f1ae0740ca2,ROOT,frontend,HTTP GET /hotels,1773826815157635,3126,False,200
0f5b1f1ae0740ca2,0cf1ac8236cf11aa,41fce89d0284c815,reservation,memcached_capacity_get_multi_number,1773826815159695,108,False,Unknown
0f5b1f1ae0740ca2,6917a74fbee427a5,41fce89d0284c815,reservation,memcached_reserve_get_multi_number,1773826815159921,103,False,Unknown
0f5b1f1ae0740ca2,41fce89d0284c815,1331e6454310b986,reservation,/reservation.Reservation/CheckAvailability,1773826815159674,352,False,Unknown
6bf1bd50787f8749,61869a4c22527759,61873981fe7be382,geo,/geo.Geo/Nearby,1773826815325036,104,False,Unknown
6bf1bd50787f8749,350dd056388ab701,4f8781b3c3843f4b,rate,/rate.Rate/GetRates,1773826815325406,12,False,Unknown
6bf1bd50787f8749,6f5290adea65c131,350dd056388ab701,rate,memcached_get_multi_rate,1773826815325410,1,False,Unknown
6bf1bd50787f8749,6bf1bd50787f8749,ROOT,frontend,HTTP GET /hotels,1773826815324633,1560,False,200
6bf1bd50787f8749,43dcc29c2b3ae836,6bf1bd50787f8749,frontend,/search.Search/Nearby,1773826815324647,1024,False,Unknown
6bf1bd50787f8749,27ce7c5e442cf331,6bf1bd50787f8749,frontend,/reservation.Reservation/CheckAvailability,1773826815325682,258,False,Unknown
6bf1bd50787f8749,0d2d850de8ce30da,6bf1bd50787f8749,frontend,/profile.Profile/GetProfiles,1773826815325943,234,False,Unknown
6bf1bd50787f8749,44d7acc54a832d1e,27ce7c5e442cf331,reservation,/reservation.Reservation/CheckAvailability,1773826815325853,11,False,Unknown
6bf1bd50787f8749,2524f1edd3bf6ef9,44d7acc54a832d1e,reservation,memcached_capacity_get_multi_number,1773826815325860,1,False,Unknown
6bf1bd50787f8749,2ecd457d06299c2a,44d7acc54a832d1e,reservation,memcached_reserve_get_multi_number,1773826815325862,0,False,Unknown
6bf1bd50787f8749,5cdcd9a70f3954b6,43dcc29c2b3ae836,search,/search.Search/Nearby,1773826815324842,692,False,Unknown
6bf1bd50787f8749,61873981fe7be382,5cdcd9a70f3954b6,search,/geo.Geo/Nearby,1773826815324848,370,False,Unknown
6bf1bd50787f8749,4f8781b3c3843f4b,5cdcd9a70f3954b6,search,/rate.Rate/GetRates,1773826815325224,308,False,Unknown
6bf1bd50787f8749,0a16b3c5ab7daadc,25d9cf9fc8b57a0e,profile,memcached_get_profile,1773826815326070,1,False,Unknown
6bf1bd50787f8749,25d9cf9fc8b57a0e,0d2d850de8ce30da,profile,/profile.Profile/GetProfiles,1773826815326064,15,False,Unknown
5878b8bbf6d28105,1e6f8d63effdf182,5878b8bbf6d28105,frontend,/search.Search/Nearby,1773826814808766,2232,False,Unknown
5878b8bbf6d28105,401646190c7d9d5a,5878b8bbf6d28105,frontend,/reservation.Reservation/CheckAvailability,1773826814811006,685,False,Unknown
5878b8bbf6d28105,6ae236369f55e59d,5878b8bbf6d28105,frontend,/profile.Profile/GetProfiles,1773826814811700,761,False,Unknown
5878b8bbf6d28105,5878b8bbf6d28105,ROOT,frontend,HTTP GET /hotels,1773826814808730,3773,False,200
5878b8bbf6d28105,4e43c5ae54373bd1,401646190c7d9d5a,reservation,/reservation.Reservation/CheckAvailability,1773826814811228,377,False,Unknown
5878b8bbf6d28105,4a19d4f96fff5ca5,4e43c5ae54373bd1,reservation,memcached_capacity_get_multi_number,1773826814811242,134,False,Unknown
5878b8bbf6d28105,4cebd88799aea578,4e43c5ae54373bd1,reservation,memcached_reserve_get_multi_number,1773826814811408,166,False,Unknown
5878b8bbf6d28105,13e136d74ec8f7eb,32bb551c69778b5e,search,/geo.Geo/Nearby,1773826814809054,407,False,Unknown
5878b8bbf6d28105,462059f7b6f4d8f6,32bb551c69778b5e,search,/rate.Rate/GetRates,1773826814809497,1389,False,Unknown
5878b8bbf6d28105,32bb551c69778b5e,1e6f8d63effdf182,search,/search.Search/Nearby,1773826814809043,1849,False,Unknown
5878b8bbf6d28105,6bf43ae740255aa9,684b0d3611e00111,profile,memcached_get_profile,1773826814811927,126,False,Unknown
5878b8bbf6d28105,49128e80fb2c0fa9,684b0d3611e00111,profile,mongo_profile,1773826814812064,289,False,Unknown
5878b8bbf6d28105,340704515c94a6aa,684b0d3611e00111,profile,mongo_profile,1773826814812098,266,False,Unknown
5878b8bbf6d28105,684b0d3611e00111,6ae236369f55e59d,profile,/profile.Profile/GetProfiles,1773826814811921,448,False,Unknown
5878b8bbf6d28105,3b2ec4ab2b7bba73,13e136d74ec8f7eb,geo,/geo.Geo/Nearby,1773826814809317,33,False,Unknown
5878b8bbf6d28105,5161abc38ab0d37a,2b57fc6bf27ae6f5,rate,memcached_get_multi_rate,1773826814809712,147,False,Unknown
5878b8bbf6d28105,69e3c16924e18ab5,2b57fc6bf27ae6f5,rate,mongo_rate,1773826814809888,400,False,Unknown
5878b8bbf6d28105,5f9f9629acdc7ce4,2b57fc6bf27ae6f5,rate,mongo_rate,1773826814809883,410,False,Unknown
5878b8bbf6d28105,3bade411d42336c5,2b57fc6bf27ae6f5,rate,mongo_rate,1773826814809926,638,False,Unknown
5878b8bbf6d28105,08624689b5392005,2b57fc6bf27ae6f5,rate,mongo_rate,1773826814809946,727,False,Unknown
5878b8bbf6d28105,04cf3ea8ca0422c8,2b57fc6bf27ae6f5,rate,mongo_rate,1773826814809962,808,False,Unknown
5878b8bbf6d28105,2b57fc6bf27ae6f5,462059f7b6f4d8f6,rate,/rate.Rate/GetRates,1773826814809703,1085,False,Unknown
796f7a624e77b3cc,535d628bc420609b,68f9714fa9e14120,profile,/profile.Profile/GetProfiles,1773826816193419,11,False,Unknown
796f7a624e77b3cc,5558273b5baee61d,535d628bc420609b,profile,memcached_get_profile,1773826816193425,1,False,Unknown
796f7a624e77b3cc,76f0af30a896e7f2,10ab1e4fe3a107a4,geo,/geo.Geo/Nearby,1773826816192267,63,False,Unknown
796f7a624e77b3cc,4d30b6f8a27cfaf2,4bce0384a88c6947,rate,/rate.Rate/GetRates,1773826816192640,13,False,Unknown
796f7a624e77b3cc,682274d478e4b2f0,4d30b6f8a27cfaf2,rate,memcached_get_multi_rate,1773826816192645,1,False,Unknown
796f7a624e77b3cc,796f7a624e77b3cc,ROOT,frontend,HTTP GET /hotels,1773826816191876,1632,False,200
796f7a624e77b3cc,2b7721ef553cace7,796f7a624e77b3cc,frontend,/search.Search/Nearby,1773826816191890,967,False,Unknown
796f7a624e77b3cc,7b76080e3bb8fca4,796f7a624e77b3cc,frontend,/reservation.Reservation/CheckAvailability,1773826816192862,390,False,Unknown
796f7a624e77b3cc,68f9714fa9e14120,796f7a624e77b3cc,frontend,/profile.Profile/GetProfiles,1773826816193255,241,False,Unknown
796f7a624e77b3cc,045c54328cdc5116,7b76080e3bb8fca4,reservation,/reservation.Reservation/CheckAvailability,1773826816193149,21,False,Unknown
796f7a624e77b3cc,4749b8e38e202da3,045c54328cdc5116,reservation,memcached_capacity_get_multi_number,1773826816193158,3,False,Unknown
796f7a624e77b3cc,3d628dcbab7d4096,045c54328cdc5116,reservation,memcached_reserve_get_multi_number,1773826816193167,0,False,Unknown
796f7a624e77b3cc,6d22cfb503ad263f,2b7721ef553cace7,search,/search.Search/Nearby,1773826816192084,644,False,Unknown
796f7a624e77b3cc,10ab1e4fe3a107a4,6d22cfb503ad263f,search,/geo.Geo/Nearby,1773826816192090,322,False,Unknown
796f7a624e77b3cc,4bce0384a88c6947,6d22cfb503ad263f,search,/rate.Rate/GetRates,1773826816192417,307,False,Unknown
2fa92f066394da76,3642cd04cfc04e92,6cea34ce0ce211c6,profile,/profile.Profile/GetProfiles,1773826815225394,294,False,Unknown
2fa92f066394da76,7b390b2fc6a701a6,3642cd04cfc04e92,profile,memcached_get_profile,1773826815225399,248,False,Unknown
2fa92f066394da76,461effdad0087729,0b80262ee9dfbd9b,recommendation,/recommendation.Recommendation/GetRecommendations,1773826815224972,10,False,Unknown
2fa92f066394da76,0b80262ee9dfbd9b,2fa92f066394da76,frontend,/recommendation.Recommendation/GetRecommendations,1773826815224684,436,False,Unknown
2fa92f066394da76,6cea34ce0ce211c6,2fa92f066394da76,frontend,/profile.Profile/GetProfiles,1773826815225125,664,False,Unknown
2fa92f066394da76,2fa92f066394da76,ROOT,frontend,HTTP GET /recommendations,1773826815224665,1148,False,200
796f7a624e77b3cc,535d628bc420609b,68f9714fa9e14120,profile,/profile.Profile/GetProfiles,1773826816193419,11,False,Unknown
796f7a624e77b3cc,5558273b5baee61d,535d628bc420609b,profile,memcached_get_profile,1773826816193425,1,False,Unknown
796f7a624e77b3cc,76f0af30a896e7f2,10ab1e4fe3a107a4,geo,/geo.Geo/Nearby,1773826816192267,63,False,Unknown
796f7a624e77b3cc,4d30b6f8a27cfaf2,4bce0384a88c6947,rate,/rate.Rate/GetRates,1773826816192640,13,False,Unknown
796f7a624e77b3cc,682274d478e4b2f0,4d30b6f8a27cfaf2,rate,memcached_get_multi_rate,1773826816192645,1,False,Unknown
796f7a624e77b3cc,796f7a624e77b3cc,ROOT,frontend,HTTP GET /hotels,1773826816191876,1632,False,200
796f7a624e77b3cc,2b7721ef553cace7,796f7a624e77b3cc,frontend,/search.Search/Nearby,1773826816191890,967,False,Unknown
796f7a624e77b3cc,7b76080e3bb8fca4,796f7a624e77b3cc,frontend,/reservation.Reservation/CheckAvailability,1773826816192862,390,False,Unknown
796f7a624e77b3cc,68f9714fa9e14120,796f7a624e77b3cc,frontend,/profile.Profile/GetProfiles,1773826816193255,241,False,Unknown
796f7a624e77b3cc,045c54328cdc5116,7b76080e3bb8fca4,reservation,/reservation.Reservation/CheckAvailability,1773826816193149,21,False,Unknown
796f7a624e77b3cc,4749b8e38e202da3,045c54328cdc5116,reservation,memcached_capacity_get_multi_number,1773826816193158,3,False,Unknown
796f7a624e77b3cc,3d628dcbab7d4096,045c54328cdc5116,reservation,memcached_reserve_get_multi_number,1773826816193167,0,False,Unknown
796f7a624e77b3cc,6d22cfb503ad263f,2b7721ef553cace7,search,/search.Search/Nearby,1773826816192084,644,False,Unknown
796f7a624e77b3cc,10ab1e4fe3a107a4,6d22cfb503ad263f,search,/geo.Geo/Nearby,1773826816192090,322,False,Unknown
796f7a624e77b3cc,4bce0384a88c6947,6d22cfb503ad263f,search,/rate.Rate/GetRates,1773826816192417,307,False,Unknown
7a5a6e2710bebe55,75e8b923a3343ba5,3cffe48dff22bf0e,profile,memcached_get_profile,1773826816147930,107,False,Unknown
7a5a6e2710bebe55,5dab9651b896f0f0,3cffe48dff22bf0e,profile,mongo_profile,1773826816148058,354,False,Unknown
7a5a6e2710bebe55,3cffe48dff22bf0e,4d52974500d3c4d7,profile,/profile.Profile/GetProfiles,1773826816147925,497,False,Unknown
7a5a6e2710bebe55,5abe94a845fb91fc,5283e434017dde66,recommendation,/recommendation.Recommendation/GetRecommendations,1773826816147633,32,False,Unknown
7a5a6e2710bebe55,5283e434017dde66,7a5a6e2710bebe55,frontend,/recommendation.Recommendation/GetRecommendations,1773826816147424,320,False,Unknown
7a5a6e2710bebe55,4d52974500d3c4d7,7a5a6e2710bebe55,frontend,/profile.Profile/GetProfiles,1773826816147748,888,False,Unknown
7a5a6e2710bebe55,7a5a6e2710bebe55,ROOT,frontend,HTTP GET /recommendations,1773826816147407,1313,False,200
5db0349e0e5f841e,5db0349e0e5f841e,ROOT,frontend,HTTP GET /recommendations,1773826813959929,1255,False,200
5db0349e0e5f841e,3fd60b9f03ee7963,5db0349e0e5f841e,frontend,/recommendation.Recommendation/GetRecommendations,1773826813959941,330,False,Unknown
5db0349e0e5f841e,5c998b3d58b86b7c,5db0349e0e5f841e,frontend,/profile.Profile/GetProfiles,1773826813960275,871,False,Unknown
5db0349e0e5f841e,34b27e94c9591702,0dc53bc2ffd1f6f0,profile,memcached_get_profile,1773826813960458,178,False,Unknown
5db0349e0e5f841e,4c89e89d76b9a66f,0dc53bc2ffd1f6f0,profile,mongo_profile,1773826813960649,376,False,Unknown
5db0349e0e5f841e,0dc53bc2ffd1f6f0,5c998b3d58b86b7c,profile,/profile.Profile/GetProfiles,1773826813960450,600,False,Unknown
5db0349e0e5f841e,4418dea41f25d04c,3fd60b9f03ee7963,recommendation,/recommendation.Recommendation/GetRecommendations,1773826813960140,39,False,Unknown
2d31a82e48fe410f,55002e51682c5d8b,2d31a82e48fe410f,frontend,/recommendation.Recommendation/GetRecommendations,1773826813912048,631,False,Unknown
2d31a82e48fe410f,66b2bf4e644d859a,2d31a82e48fe410f,frontend,/profile.Profile/GetProfiles,1773826813912720,1521,False,Unknown
2d31a82e48fe410f,2d31a82e48fe410f,ROOT,frontend,HTTP GET /recommendations,1773826813911986,2284,False,200
2d31a82e48fe410f,08389a7eb90142b8,6aef5332b9e9aa09,profile,memcached_get_profile,1773826813913126,172,False,Unknown
2d31a82e48fe410f,7db4ce2659a2f6dc,6aef5332b9e9aa09,profile,mongo_profile,1773826813913322,721,False,Unknown
2d31a82e48fe410f,6aef5332b9e9aa09,66b2bf4e644d859a,profile,/profile.Profile/GetProfiles,1773826813913119,936,False,Unknown
2d31a82e48fe410f,28164ecc13fe3ef4,55002e51682c5d8b,recommendation,/recommendation.Recommendation/GetRecommendations,1773826813912456,68,False,Unknown
49399968f65827a3,55393fbf2883d1b5,459bb8b409305ecb,profile,/profile.Profile/GetProfiles,1773826814043076,4014,False,Unknown
49399968f65827a3,475773063c3bb7ba,55393fbf2883d1b5,profile,memcached_get_profile,1773826814043083,200,False,Unknown
49399968f65827a3,3665fcbc37b3f0ee,55393fbf2883d1b5,profile,mongo_profile,1773826814043313,743,False,Unknown
49399968f65827a3,42a6f8d6fd40a126,55393fbf2883d1b5,profile,mongo_profile,1773826814043453,2262,False,Unknown
49399968f65827a3,0de327cd91b69c40,55393fbf2883d1b5,profile,mongo_profile,1773826814043354,2424,False,Unknown
49399968f65827a3,75535d98ea10aada,55393fbf2883d1b5,profile,mongo_profile,1773826814043364,2700,False,Unknown
49399968f65827a3,08458fbce7196282,55393fbf2883d1b5,profile,mongo_profile,1773826814043370,3708,False,Unknown
49399968f65827a3,27f2eeb68ef7151c,322ea91fd23b5bd4,recommendation,/recommendation.Recommendation/GetRecommendations,1773826814042585,10,False,Unknown
49399968f65827a3,322ea91fd23b5bd4,49399968f65827a3,frontend,/recommendation.Recommendation/GetRecommendations,1773826814042377,341,False,Unknown
49399968f65827a3,459bb8b409305ecb,49399968f65827a3,frontend,/profile.Profile/GetProfiles,1773826814042727,4564,False,Unknown
49399968f65827a3,49399968f65827a3,ROOT,frontend,HTTP GET /recommendations,1773826814042363,5897,False,200
6e97f08c14d07d16,6e97f08c14d07d16,ROOT,frontend,HTTP GET /recommendations,1773826814957191,1078,False,200
6e97f08c14d07d16,3fc1b74ed341e0eb,6e97f08c14d07d16,frontend,/recommendation.Recommendation/GetRecommendations,1773826814957203,291,False,Unknown
6e97f08c14d07d16,207c56f80f205be1,6e97f08c14d07d16,frontend,/profile.Profile/GetProfiles,1773826814957499,745,False,Unknown
6e97f08c14d07d16,2cf7cbfc8be2cca2,07fd3aa863b353d7,profile,memcached_get_profile,1773826814957727,112,False,Unknown
6e97f08c14d07d16,365e80c5eda11720,07fd3aa863b353d7,profile,mongo_profile,1773826814957849,296,False,Unknown
6e97f08c14d07d16,07fd3aa863b353d7,207c56f80f205be1,profile,/profile.Profile/GetProfiles,1773826814957721,443,False,Unknown
6e97f08c14d07d16,3c2151b44caa4738,3fc1b74ed341e0eb,recommendation,/recommendation.Recommendation/GetRecommendations,1773826814957379,7,False,Unknown
5878b8bbf6d28105,1e6f8d63effdf182,5878b8bbf6d28105,frontend,/search.Search/Nearby,1773826814808766,2232,False,Unknown
5878b8bbf6d28105,401646190c7d9d5a,5878b8bbf6d28105,frontend,/reservation.Reservation/CheckAvailability,1773826814811006,685,False,Unknown
5878b8bbf6d28105,6ae236369f55e59d,5878b8bbf6d28105,frontend,/profile.Profile/GetProfiles,1773826814811700,761,False,Unknown
5878b8bbf6d28105,5878b8bbf6d28105,ROOT,frontend,HTTP GET /hotels,1773826814808730,3773,False,200
5878b8bbf6d28105,4e43c5ae54373bd1,401646190c7d9d5a,reservation,/reservation.Reservation/CheckAvailability,1773826814811228,377,False,Unknown
5878b8bbf6d28105,4a19d4f96fff5ca5,4e43c5ae54373bd1,reservation,memcached_capacity_get_multi_number,1773826814811242,134,False,Unknown
5878b8bbf6d28105,4cebd88799aea578,4e43c5ae54373bd1,reservation,memcached_reserve_get_multi_number,1773826814811408,166,False,Unknown
5878b8bbf6d28105,13e136d74ec8f7eb,32bb551c69778b5e,search,/geo.Geo/Nearby,1773826814809054,407,False,Unknown
5878b8bbf6d28105,462059f7b6f4d8f6,32bb551c69778b5e,search,/rate.Rate/GetRates,1773826814809497,1389,False,Unknown
5878b8bbf6d28105,32bb551c69778b5e,1e6f8d63effdf182,search,/search.Search/Nearby,1773826814809043,1849,False,Unknown
5878b8bbf6d28105,6bf43ae740255aa9,684b0d3611e00111,profile,memcached_get_profile,1773826814811927,126,False,Unknown
5878b8bbf6d28105,49128e80fb2c0fa9,684b0d3611e00111,profile,mongo_profile,1773826814812064,289,False,Unknown
5878b8bbf6d28105,340704515c94a6aa,684b0d3611e00111,profile,mongo_profile,1773826814812098,266,False,Unknown
5878b8bbf6d28105,684b0d3611e00111,6ae236369f55e59d,profile,/profile.Profile/GetProfiles,1773826814811921,448,False,Unknown
5878b8bbf6d28105,3b2ec4ab2b7bba73,13e136d74ec8f7eb,geo,/geo.Geo/Nearby,1773826814809317,33,False,Unknown
5878b8bbf6d28105,5161abc38ab0d37a,2b57fc6bf27ae6f5,rate,memcached_get_multi_rate,1773826814809712,147,False,Unknown
5878b8bbf6d28105,69e3c16924e18ab5,2b57fc6bf27ae6f5,rate,mongo_rate,1773826814809888,400,False,Unknown
5878b8bbf6d28105,5f9f9629acdc7ce4,2b57fc6bf27ae6f5,rate,mongo_rate,1773826814809883,410,False,Unknown
5878b8bbf6d28105,3bade411d42336c5,2b57fc6bf27ae6f5,rate,mongo_rate,1773826814809926,638,False,Unknown
5878b8bbf6d28105,08624689b5392005,2b57fc6bf27ae6f5,rate,mongo_rate,1773826814809946,727,False,Unknown
5878b8bbf6d28105,04cf3ea8ca0422c8,2b57fc6bf27ae6f5,rate,mongo_rate,1773826814809962,808,False,Unknown
5878b8bbf6d28105,2b57fc6bf27ae6f5,462059f7b6f4d8f6,rate,/rate.Rate/GetRates,1773826814809703,1085,False,Unknown
504f65a15e522522,2bfa5c9f444ae787,1740d93fdb84a847,recommendation,/recommendation.Recommendation/GetRecommendations,1773826813726931,87,False,Unknown
504f65a15e522522,1740d93fdb84a847,504f65a15e522522,frontend,/recommendation.Recommendation/GetRecommendations,1773826813725324,1998,False,Unknown
504f65a15e522522,6d46337b46035145,504f65a15e522522,frontend,/profile.Profile/GetProfiles,1773826813727362,5926,False,Unknown
504f65a15e522522,504f65a15e522522,ROOT,frontend,HTTP GET /recommendations,1773826813725127,8279,False,200
504f65a15e522522,319fbf3cc7516449,2d381e8d668601f8,profile,memcached_get_profile,1773826813728787,888,False,Unknown
504f65a15e522522,2f81a8c874f76ea4,2d381e8d668601f8,profile,mongo_profile,1773826813729842,2751,False,Unknown
504f65a15e522522,2d381e8d668601f8,6d46337b46035145,profile,/profile.Profile/GetProfiles,1773826813728746,3963,False,Unknown
6dbd69f9d1694492,1d992cdcf9316d0f,302ee03b33a89c1d,reservation,/reservation.Reservation/CheckAvailability,1773826814040109,1029,False,Unknown
6dbd69f9d1694492,4fa104c15a25c0b9,1d992cdcf9316d0f,reservation,memcached_capacity_get_multi_number,1773826814040174,733,False,Unknown
6dbd69f9d1694492,13d2c76b340d9cd2,1d992cdcf9316d0f,reservation,memcached_reserve_get_multi_number,1773826814040954,182,False,Unknown
6dbd69f9d1694492,488e2aa5f2114295,348360b0c203e0ac,search,/search.Search/Nearby,1773826814006380,31634,False,Unknown
6dbd69f9d1694492,013886f3897c6546,488e2aa5f2114295,search,/geo.Geo/Nearby,1773826814006423,1114,False,Unknown
6dbd69f9d1694492,171e0f98f9d07417,488e2aa5f2114295,search,/rate.Rate/GetRates,1773826814007551,30460,False,Unknown
6dbd69f9d1694492,7fb76eca99ecc8bd,1f1fc85d42cafe1b,profile,memcached_get_profile,1773826814041670,135,False,Unknown
6dbd69f9d1694492,51ce69c81123fa8c,1f1fc85d42cafe1b,profile,mongo_profile,1773826814041824,365,False,Unknown
6dbd69f9d1694492,1f1fc85d42cafe1b,0f4441cd6a4c12d5,profile,/profile.Profile/GetProfiles,1773826814041664,542,False,Unknown
6dbd69f9d1694492,242c1c6c573e5a78,013886f3897c6546,geo,/geo.Geo/Nearby,1773826814007218,70,False,Unknown
6dbd69f9d1694492,1cced7d77423225b,171e0f98f9d07417,rate,/rate.Rate/GetRates,1773826814008940,28815,False,Unknown
6dbd69f9d1694492,323b90a0fd6470f2,1cced7d77423225b,rate,memcached_get_multi_rate,1773826814008999,23155,False,Unknown
6dbd69f9d1694492,36133ddc37ad4f14,1cced7d77423225b,rate,mongo_rate,1773826814032276,3633,False,Unknown
6dbd69f9d1694492,1c8357ae15b8abe1,1cced7d77423225b,rate,mongo_rate,1773826814032277,3706,False,Unknown
6dbd69f9d1694492,46e8dc29253dbce7,1cced7d77423225b,rate,mongo_rate,1773826814032458,4160,False,Unknown
6dbd69f9d1694492,60c549858b1b8b56,1cced7d77423225b,rate,mongo_rate,1773826814032250,5064,False,Unknown
6dbd69f9d1694492,4ec73f8d9d8e72e1,1cced7d77423225b,rate,mongo_rate,1773826814032741,4997,False,Unknown
6dbd69f9d1694492,348360b0c203e0ac,6dbd69f9d1694492,frontend,/search.Search/Nearby,1773826814005494,32685,False,Unknown
6dbd69f9d1694492,302ee03b33a89c1d,6dbd69f9d1694492,frontend,/reservation.Reservation/CheckAvailability,1773826814038193,3120,False,Unknown
6dbd69f9d1694492,0f4441cd6a4c12d5,6dbd69f9d1694492,frontend,/profile.Profile/GetProfiles,1773826814041321,966,False,Unknown
6dbd69f9d1694492,6dbd69f9d1694492,ROOT,frontend,HTTP GET /hotels,1773826814005460,36849,False,200
0f5b1f1ae0740ca2,10930b8303cc0f92,13169e2236fad22d,search,/search.Search/Nearby,1773826815157819,1548,False,Unknown
0f5b1f1ae0740ca2,23201930cdae97ae,10930b8303cc0f92,search,/geo.Geo/Nearby,1773826815157824,501,False,Unknown
0f5b1f1ae0740ca2,1a0739fdc80675e3,10930b8303cc0f92,search,/rate.Rate/GetRates,1773826815158328,1037,False,Unknown
0f5b1f1ae0740ca2,7f5980d3e293fefd,53f0681003e32493,profile,memcached_get_profile,1773826815160246,102,False,Unknown
0f5b1f1ae0740ca2,48b17954f1b5d312,53f0681003e32493,profile,mongo_profile,1773826815160385,234,False,Unknown
0f5b1f1ae0740ca2,2c7a329fe6861d03,53f0681003e32493,profile,mongo_profile,1773826815160359,275,False,Unknown
0f5b1f1ae0740ca2,53f0681003e32493,36fd4f017f2d2f31,profile,/profile.Profile/GetProfiles,1773826815160238,403,False,Unknown
0f5b1f1ae0740ca2,3f0e92c95b60168b,23201930cdae97ae,geo,/geo.Geo/Nearby,1773826815158185,43,False,Unknown
0f5b1f1ae0740ca2,2dfcaf3b4827ec6d,50da75e5ec630b44,rate,memcached_get_multi_rate,1773826815158546,150,False,Unknown
0f5b1f1ae0740ca2,15dd795b3dce8351,50da75e5ec630b44,rate,mongo_rate,1773826815158728,443,False,Unknown
0f5b1f1ae0740ca2,39345f9d26f004de,50da75e5ec630b44,rate,mongo_rate,1773826815158711,466,False,Unknown
0f5b1f1ae0740ca2,7293327eafe119af,50da75e5ec630b44,rate,mongo_rate,1773826815158755,426,False,Unknown
0f5b1f1ae0740ca2,09a2342bf3d00408,50da75e5ec630b44,rate,mongo_rate,1773826815158766,416,False,Unknown
0f5b1f1ae0740ca2,233b6cb006bc404c,50da75e5ec630b44,rate,mongo_rate,1773826815158771,411,False,Unknown
0f5b1f1ae0740ca2,50da75e5ec630b44,1a0739fdc80675e3,rate,/rate.Rate/GetRates,1773826815158542,656,False,Unknown
0f5b1f1ae0740ca2,13169e2236fad22d,0f5b1f1ae0740ca2,frontend,/search.Search/Nearby,1773826815157650,1798,False,Unknown
0f5b1f1ae0740ca2,1331e6454310b986,0f5b1f1ae0740ca2,frontend,/reservation.Reservation/CheckAvailability,1773826815159454,638,False,Unknown
0f5b1f1ae0740ca2,36fd4f017f2d2f31,0f5b1f1ae0740ca2,frontend,/profile.Profile/GetProfiles,1773826815160095,641,False,Unknown
0f5b1f1ae0740ca2,0f5b1f1ae0740ca2,ROOT,frontend,HTTP GET /hotels,1773826815157635,3126,False,200
0f5b1f1ae0740ca2,0cf1ac8236cf11aa,41fce89d0284c815,reservation,memcached_capacity_get_multi_number,1773826815159695,108,False,Unknown
0f5b1f1ae0740ca2,6917a74fbee427a5,41fce89d0284c815,reservation,memcached_reserve_get_multi_number,1773826815159921,103,False,Unknown
0f5b1f1ae0740ca2,41fce89d0284c815,1331e6454310b986,reservation,/reservation.Reservation/CheckAvailability,1773826815159674,352,False,Unknown
6bf1bd50787f8749,61869a4c22527759,61873981fe7be382,geo,/geo.Geo/Nearby,1773826815325036,104,False,Unknown
6bf1bd50787f8749,350dd056388ab701,4f8781b3c3843f4b,rate,/rate.Rate/GetRates,1773826815325406,12,False,Unknown
6bf1bd50787f8749,6f5290adea65c131,350dd056388ab701,rate,memcached_get_multi_rate,1773826815325410,1,False,Unknown
6bf1bd50787f8749,6bf1bd50787f8749,ROOT,frontend,HTTP GET /hotels,1773826815324633,1560,False,200
6bf1bd50787f8749,43dcc29c2b3ae836,6bf1bd50787f8749,frontend,/search.Search/Nearby,1773826815324647,1024,False,Unknown
6bf1bd50787f8749,27ce7c5e442cf331,6bf1bd50787f8749,frontend,/reservation.Reservation/CheckAvailability,1773826815325682,258,False,Unknown
6bf1bd50787f8749,0d2d850de8ce30da,6bf1bd50787f8749,frontend,/profile.Profile/GetProfiles,1773826815325943,234,False,Unknown
6bf1bd50787f8749,44d7acc54a832d1e,27ce7c5e442cf331,reservation,/reservation.Reservation/CheckAvailability,1773826815325853,11,False,Unknown
6bf1bd50787f8749,2524f1edd3bf6ef9,44d7acc54a832d1e,reservation,memcached_capacity_get_multi_number,1773826815325860,1,False,Unknown
6bf1bd50787f8749,2ecd457d06299c2a,44d7acc54a832d1e,reservation,memcached_reserve_get_multi_number,1773826815325862,0,False,Unknown
6bf1bd50787f8749,5cdcd9a70f3954b6,43dcc29c2b3ae836,search,/search.Search/Nearby,1773826815324842,692,False,Unknown
6bf1bd50787f8749,61873981fe7be382,5cdcd9a70f3954b6,search,/geo.Geo/Nearby,1773826815324848,370,False,Unknown
6bf1bd50787f8749,4f8781b3c3843f4b,5cdcd9a70f3954b6,search,/rate.Rate/GetRates,1773826815325224,308,False,Unknown
6bf1bd50787f8749,0a16b3c5ab7daadc,25d9cf9fc8b57a0e,profile,memcached_get_profile,1773826815326070,1,False,Unknown
6bf1bd50787f8749,25d9cf9fc8b57a0e,0d2d850de8ce30da,profile,/profile.Profile/GetProfiles,1773826815326064,15,False,Unknown
5878b8bbf6d28105,1e6f8d63effdf182,5878b8bbf6d28105,frontend,/search.Search/Nearby,1773826814808766,2232,False,Unknown
5878b8bbf6d28105,401646190c7d9d5a,5878b8bbf6d28105,frontend,/reservation.Reservation/CheckAvailability,1773826814811006,685,False,Unknown
5878b8bbf6d28105,6ae236369f55e59d,5878b8bbf6d28105,frontend,/profile.Profile/GetProfiles,1773826814811700,761,False,Unknown
5878b8bbf6d28105,5878b8bbf6d28105,ROOT,frontend,HTTP GET /hotels,1773826814808730,3773,False,200
5878b8bbf6d28105,4e43c5ae54373bd1,401646190c7d9d5a,reservation,/reservation.Reservation/CheckAvailability,1773826814811228,377,False,Unknown
5878b8bbf6d28105,4a19d4f96fff5ca5,4e43c5ae54373bd1,reservation,memcached_capacity_get_multi_number,1773826814811242,134,False,Unknown
5878b8bbf6d28105,4cebd88799aea578,4e43c5ae54373bd1,reservation,memcached_reserve_get_multi_number,1773826814811408,166,False,Unknown
5878b8bbf6d28105,13e136d74ec8f7eb,32bb551c69778b5e,search,/geo.Geo/Nearby,1773826814809054,407,False,Unknown
5878b8bbf6d28105,462059f7b6f4d8f6,32bb551c69778b5e,search,/rate.Rate/GetRates,1773826814809497,1389,False,Unknown
5878b8bbf6d28105,32bb551c69778b5e,1e6f8d63effdf182,search,/search.Search/Nearby,1773826814809043,1849,False,Unknown
5878b8bbf6d28105,6bf43ae740255aa9,684b0d3611e00111,profile,memcached_get_profile,1773826814811927,126,False,Unknown
5878b8bbf6d28105,49128e80fb2c0fa9,684b0d3611e00111,profile,mongo_profile,1773826814812064,289,False,Unknown
5878b8bbf6d28105,340704515c94a6aa,684b0d3611e00111,profile,mongo_profile,1773826814812098,266,False,Unknown
5878b8bbf6d28105,684b0d3611e00111,6ae236369f55e59d,profile,/profile.Profile/GetProfiles,1773826814811921,448,False,Unknown
5878b8bbf6d28105,3b2ec4ab2b7bba73,13e136d74ec8f7eb,geo,/geo.Geo/Nearby,1773826814809317,33,False,Unknown
5878b8bbf6d28105,5161abc38ab0d37a,2b57fc6bf27ae6f5,rate,memcached_get_multi_rate,1773826814809712,147,False,Unknown
5878b8bbf6d28105,69e3c16924e18ab5,2b57fc6bf27ae6f5,rate,mongo_rate,1773826814809888,400,False,Unknown
5878b8bbf6d28105,5f9f9629acdc7ce4,2b57fc6bf27ae6f5,rate,mongo_rate,1773826814809883,410,False,Unknown
5878b8bbf6d28105,3bade411d42336c5,2b57fc6bf27ae6f5,rate,mongo_rate,1773826814809926,638,False,Unknown
5878b8bbf6d28105,08624689b5392005,2b57fc6bf27ae6f5,rate,mongo_rate,1773826814809946,727,False,Unknown
5878b8bbf6d28105,04cf3ea8ca0422c8,2b57fc6bf27ae6f5,rate,mongo_rate,1773826814809962,808,False,Unknown
5878b8bbf6d28105,2b57fc6bf27ae6f5,462059f7b6f4d8f6,rate,/rate.Rate/GetRates,1773826814809703,1085,False,Unknown
796f7a624e77b3cc,535d628bc420609b,68f9714fa9e14120,profile,/profile.Profile/GetProfiles,1773826816193419,11,False,Unknown
796f7a624e77b3cc,5558273b5baee61d,535d628bc420609b,profile,memcached_get_profile,1773826816193425,1,False,Unknown
796f7a624e77b3cc,76f0af30a896e7f2,10ab1e4fe3a107a4,geo,/geo.Geo/Nearby,1773826816192267,63,False,Unknown
796f7a624e77b3cc,4d30b6f8a27cfaf2,4bce0384a88c6947,rate,/rate.Rate/GetRates,1773826816192640,13,False,Unknown
796f7a624e77b3cc,682274d478e4b2f0,4d30b6f8a27cfaf2,rate,memcached_get_multi_rate,1773826816192645,1,False,Unknown
796f7a624e77b3cc,796f7a624e77b3cc,ROOT,frontend,HTTP GET /hotels,1773826816191876,1632,False,200
796f7a624e77b3cc,2b7721ef553cace7,796f7a624e77b3cc,frontend,/search.Search/Nearby,1773826816191890,967,False,Unknown
796f7a624e77b3cc,7b76080e3bb8fca4,796f7a624e77b3cc,frontend,/reservation.Reservation/CheckAvailability,1773826816192862,390,False,Unknown
796f7a624e77b3cc,68f9714fa9e14120,796f7a624e77b3cc,frontend,/profile.Profile/GetProfiles,1773826816193255,241,False,Unknown
796f7a624e77b3cc,045c54328cdc5116,7b76080e3bb8fca4,reservation,/reservation.Reservation/CheckAvailability,1773826816193149,21,False,Unknown
796f7a624e77b3cc,4749b8e38e202da3,045c54328cdc5116,reservation,memcached_capacity_get_multi_number,1773826816193158,3,False,Unknown
796f7a624e77b3cc,3d628dcbab7d4096,045c54328cdc5116,reservation,memcached_reserve_get_multi_number,1773826816193167,0,False,Unknown
796f7a624e77b3cc,6d22cfb503ad263f,2b7721ef553cace7,search,/search.Search/Nearby,1773826816192084,644,False,Unknown
796f7a624e77b3cc,10ab1e4fe3a107a4,6d22cfb503ad263f,search,/geo.Geo/Nearby,1773826816192090,322,False,Unknown
796f7a624e77b3cc,4bce0384a88c6947,6d22cfb503ad263f,search,/rate.Rate/GetRates,1773826816192417,307,False,Unknown
6dbd69f9d1694492,1d992cdcf9316d0f,302ee03b33a89c1d,reservation,/reservation.Reservation/CheckAvailability,1773826814040109,1029,False,Unknown
6dbd69f9d1694492,4fa104c15a25c0b9,1d992cdcf9316d0f,reservation,memcached_capacity_get_multi_number,1773826814040174,733,False,Unknown
6dbd69f9d1694492,13d2c76b340d9cd2,1d992cdcf9316d0f,reservation,memcached_reserve_get_multi_number,1773826814040954,182,False,Unknown
6dbd69f9d1694492,488e2aa5f2114295,348360b0c203e0ac,search,/search.Search/Nearby,1773826814006380,31634,False,Unknown
6dbd69f9d1694492,013886f3897c6546,488e2aa5f2114295,search,/geo.Geo/Nearby,1773826814006423,1114,False,Unknown
6dbd69f9d1694492,171e0f98f9d07417,488e2aa5f2114295,search,/rate.Rate/GetRates,1773826814007551,30460,False,Unknown
6dbd69f9d1694492,7fb76eca99ecc8bd,1f1fc85d42cafe1b,profile,memcached_get_profile,1773826814041670,135,False,Unknown
6dbd69f9d1694492,51ce69c81123fa8c,1f1fc85d42cafe1b,profile,mongo_profile,1773826814041824,365,False,Unknown
6dbd69f9d1694492,1f1fc85d42cafe1b,0f4441cd6a4c12d5,profile,/profile.Profile/GetProfiles,1773826814041664,542,False,Unknown
6dbd69f9d1694492,242c1c6c573e5a78,013886f3897c6546,geo,/geo.Geo/Nearby,1773826814007218,70,False,Unknown
6dbd69f9d1694492,1cced7d77423225b,171e0f98f9d07417,rate,/rate.Rate/GetRates,1773826814008940,28815,False,Unknown
6dbd69f9d1694492,323b90a0fd6470f2,1cced7d77423225b,rate,memcached_get_multi_rate,1773826814008999,23155,False,Unknown
6dbd69f9d1694492,36133ddc37ad4f14,1cced7d77423225b,rate,mongo_rate,1773826814032276,3633,False,Unknown
6dbd69f9d1694492,1c8357ae15b8abe1,1cced7d77423225b,rate,mongo_rate,1773826814032277,3706,False,Unknown
6dbd69f9d1694492,46e8dc29253dbce7,1cced7d77423225b,rate,mongo_rate,1773826814032458,4160,False,Unknown
6dbd69f9d1694492,60c549858b1b8b56,1cced7d77423225b,rate,mongo_rate,1773826814032250,5064,False,Unknown
6dbd69f9d1694492,4ec73f8d9d8e72e1,1cced7d77423225b,rate,mongo_rate,1773826814032741,4997,False,Unknown
6dbd69f9d1694492,348360b0c203e0ac,6dbd69f9d1694492,frontend,/search.Search/Nearby,1773826814005494,32685,False,Unknown
6dbd69f9d1694492,302ee03b33a89c1d,6dbd69f9d1694492,frontend,/reservation.Reservation/CheckAvailability,1773826814038193,3120,False,Unknown
6dbd69f9d1694492,0f4441cd6a4c12d5,6dbd69f9d1694492,frontend,/profile.Profile/GetProfiles,1773826814041321,966,False,Unknown
6dbd69f9d1694492,6dbd69f9d1694492,ROOT,frontend,HTTP GET /hotels,1773826814005460,36849,False,200
0f5b1f1ae0740ca2,10930b8303cc0f92,13169e2236fad22d,search,/search.Search/Nearby,1773826815157819,1548,False,Unknown
0f5b1f1ae0740ca2,23201930cdae97ae,10930b8303cc0f92,search,/geo.Geo/Nearby,1773826815157824,501,False,Unknown
0f5b1f1ae0740ca2,1a0739fdc80675e3,10930b8303cc0f92,search,/rate.Rate/GetRates,1773826815158328,1037,False,Unknown
0f5b1f1ae0740ca2,7f5980d3e293fefd,53f0681003e32493,profile,memcached_get_profile,1773826815160246,102,False,Unknown
0f5b1f1ae0740ca2,48b17954f1b5d312,53f0681003e32493,profile,mongo_profile,1773826815160385,234,False,Unknown
0f5b1f1ae0740ca2,2c7a329fe6861d03,53f0681003e32493,profile,mongo_profile,1773826815160359,275,False,Unknown
0f5b1f1ae0740ca2,53f0681003e32493,36fd4f017f2d2f31,profile,/profile.Profile/GetProfiles,1773826815160238,403,False,Unknown
0f5b1f1ae0740ca2,3f0e92c95b60168b,23201930cdae97ae,geo,/geo.Geo/Nearby,1773826815158185,43,False,Unknown
0f5b1f1ae0740ca2,2dfcaf3b4827ec6d,50da75e5ec630b44,rate,memcached_get_multi_rate,1773826815158546,150,False,Unknown
0f5b1f1ae0740ca2,15dd795b3dce8351,50da75e5ec630b44,rate,mongo_rate,1773826815158728,443,False,Unknown
0f5b1f1ae0740ca2,39345f9d26f004de,50da75e5ec630b44,rate,mongo_rate,1773826815158711,466,False,Unknown
0f5b1f1ae0740ca2,7293327eafe119af,50da75e5ec630b44,rate,mongo_rate,1773826815158755,426,False,Unknown
0f5b1f1ae0740ca2,09a2342bf3d00408,50da75e5ec630b44,rate,mongo_rate,1773826815158766,416,False,Unknown
0f5b1f1ae0740ca2,233b6cb006bc404c,50da75e5ec630b44,rate,mongo_rate,1773826815158771,411,False,Unknown
0f5b1f1ae0740ca2,50da75e5ec630b44,1a0739fdc80675e3,rate,/rate.Rate/GetRates,1773826815158542,656,False,Unknown
0f5b1f1ae0740ca2,13169e2236fad22d,0f5b1f1ae0740ca2,frontend,/search.Search/Nearby,1773826815157650,1798,False,Unknown
0f5b1f1ae0740ca2,1331e6454310b986,0f5b1f1ae0740ca2,frontend,/reservation.Reservation/CheckAvailability,1773826815159454,638,False,Unknown
0f5b1f1ae0740ca2,36fd4f017f2d2f31,0f5b1f1ae0740ca2,frontend,/profile.Profile/GetProfiles,1773826815160095,641,False,Unknown
0f5b1f1ae0740ca2,0f5b1f1ae0740ca2,ROOT,frontend,HTTP GET /hotels,1773826815157635,3126,False,200
0f5b1f1ae0740ca2,0cf1ac8236cf11aa,41fce89d0284c815,reservation,memcached_capacity_get_multi_number,1773826815159695,108,False,Unknown
0f5b1f1ae0740ca2,6917a74fbee427a5,41fce89d0284c815,reservation,memcached_reserve_get_multi_number,1773826815159921,103,False,Unknown
0f5b1f1ae0740ca2,41fce89d0284c815,1331e6454310b986,reservation,/reservation.Reservation/CheckAvailability,1773826815159674,352,False,Unknown
6bf1bd50787f8749,61869a4c22527759,61873981fe7be382,geo,/geo.Geo/Nearby,1773826815325036,104,False,Unknown
6bf1bd50787f8749,350dd056388ab701,4f8781b3c3843f4b,rate,/rate.Rate/GetRates,1773826815325406,12,False,Unknown
6bf1bd50787f8749,6f5290adea65c131,350dd056388ab701,rate,memcached_get_multi_rate,1773826815325410,1,False,Unknown
6bf1bd50787f8749,6bf1bd50787f8749,ROOT,frontend,HTTP GET /hotels,1773826815324633,1560,False,200
6bf1bd50787f8749,43dcc29c2b3ae836,6bf1bd50787f8749,frontend,/search.Search/Nearby,1773826815324647,1024,False,Unknown
6bf1bd50787f8749,27ce7c5e442cf331,6bf1bd50787f8749,frontend,/reservation.Reservation/CheckAvailability,1773826815325682,258,False,Unknown
6bf1bd50787f8749,0d2d850de8ce30da,6bf1bd50787f8749,frontend,/profile.Profile/GetProfiles,1773826815325943,234,False,Unknown
6bf1bd50787f8749,44d7acc54a832d1e,27ce7c5e442cf331,reservation,/reservation.Reservation/CheckAvailability,1773826815325853,11,False,Unknown
6bf1bd50787f8749,2524f1edd3bf6ef9,44d7acc54a832d1e,reservation,memcached_capacity_get_multi_number,1773826815325860,1,False,Unknown
6bf1bd50787f8749,2ecd457d06299c2a,44d7acc54a832d1e,reservation,memcached_reserve_get_multi_number,1773826815325862,0,False,Unknown
6bf1bd50787f8749,5cdcd9a70f3954b6,43dcc29c2b3ae836,search,/search.Search/Nearby,1773826815324842,692,False,Unknown
6bf1bd50787f8749,61873981fe7be382,5cdcd9a70f3954b6,search,/geo.Geo/Nearby,1773826815324848,370,False,Unknown
6bf1bd50787f8749,4f8781b3c3843f4b,5cdcd9a70f3954b6,search,/rate.Rate/GetRates,1773826815325224,308,False,Unknown
6bf1bd50787f8749,0a16b3c5ab7daadc,25d9cf9fc8b57a0e,profile,memcached_get_profile,1773826815326070,1,False,Unknown
6bf1bd50787f8749,25d9cf9fc8b57a0e,0d2d850de8ce30da,profile,/profile.Profile/GetProfiles,1773826815326064,15,False,Unknown
